global_order,run_id,status,start_utc,end_utc,output,failure_reason
1,pi3bplus_stress_v3_round_robin_s4101_a1,FORMAL_POLICY_RUN_PASS,2026-09-10T00:38:47Z,2026-09-10T00:40:18Z,001_pi3bplus_stress_v3_round_robin_s4101_a1,
2,pi3bplus_stress_v3_unshielded_q_s4101_a1,FORMAL_POLICY_RUN_PASS,2026-09-10T00:40:18Z,2026-09-10T00:41:49Z,002_pi3bplus_stress_v3_unshielded_q_s4101_a1,
3,pi3bplus_stress_v3_static_light_s4101_a1,FORMAL_POLICY_RUN_PASS,2026-09-10T00:41:49Z,2026-09-10T00:43:20Z,003_pi3bplus_stress_v3_static_light_s4101_a1,
4,pi3bplus_stress_v3_threshold_s4101_a1,FORMAL_POLICY_RUN_PASS,2026-09-10T00:43:20Z,2026-09-10T00:44:51Z,004_pi3bplus_stress_v3_threshold_s4101_a1,
5,pi3bplus_stress_v3_safe_greedy_s4101_a1,FORMAL_POLICY_RUN_PASS,2026-09-10T00:44:51Z,2026-09-10T00:46:22Z,005_pi3bplus_stress_v3_safe_greedy_s4101_a1,
6,pi3bplus_stress_v3_fssql_r_s4101_a1,FORMAL_POLICY_RUN_PASS,2026-09-10T00:46:22Z,2026-09-10T00:47:53Z,006_pi3bplus_stress_v3_fssql_r_s4101_a1,
7,pi3bplus_stress_v3_safe_greedy_s4102_a1,FORMAL_POLICY_RUN_PASS,2026-09-10T00:47:53Z,2026-09-10T00:49:24Z,007_pi3bplus_stress_v3_safe_greedy_s4102_a1,
8,pi3bplus_stress_v3_threshold_s4102_a1,FORMAL_POLICY_RUN_PASS,2026-09-10T00:49:24Z,2026-09-10T00:50:55Z,008_pi3bplus_stress_v3_threshold_s4102_a1,
9,pi3bplus_stress_v3_round_robin_s4102_a1,FORMAL_POLICY_RUN_PASS,2026-09-10T00:50:55Z,2026-09-10T00:52:26Z,009_pi3bplus_stress_v3_round_robin_s4102_a1,
10,pi3bplus_stress_v3_fssql_r_s4102_a1,FORMAL_POLICY_RUN_PASS,2026-09-10T00:52:26Z,2026-09-10T00:53:57Z,010_pi3bplus_stress_v3_fssql_r_s4102_a1,
11,pi3bplus_stress_v3_static_light_s4102_a1,FORMAL_POLICY_RUN_PASS,2026-09-10T00:53:57Z,2026-09-10T00:55:28Z,011_pi3bplus_stress_v3_static_light_s4102_a1,
12,pi3bplus_stress_v3_unshielded_q_s4102_a1,FORMAL_POLICY_RUN_PASS,2026-09-10T00:55:28Z,2026-09-10T00:56:59Z,012_pi3bplus_stress_v3_unshielded_q_s4102_a1,
13,pi3bplus_stress_v3_fssql_r_s4103_a1,FORMAL_POLICY_RUN_PASS,2026-09-10T00:56:59Z,2026-09-10T00:58:29Z,013_pi3bplus_stress_v3_fssql_r_s4103_a1,
14,pi3bplus_stress_v3_round_robin_s4103_a1,FORMAL_POLICY_RUN_PASS,2026-09-10T00:58:29Z,2026-09-10T01:00:00Z,014_pi3bplus_stress_v3_round_robin_s4103_a1,
15,pi3bplus_stress_v3_static_light_s4103_a1,FORMAL_POLICY_RUN_PASS,2026-09-10T01:00:00Z,2026-09-10T01:01:31Z,015_pi3bplus_stress_v3_static_light_s4103_a1,
16,pi3bplus_stress_v3_safe_greedy_s4103_a1,FORMAL_POLICY_RUN_PASS,2026-09-10T01:01:31Z,2026-09-10T01:03:02Z,016_pi3bplus_stress_v3_safe_greedy_s4103_a1,
17,pi3bplus_stress_v3_unshielded_q_s4103_a1,FORMAL_POLICY_RUN_PASS,2026-09-10T01:03:02Z,2026-09-10T01:04:33Z,017_pi3bplus_stress_v3_unshielded_q_s4103_a1,
18,pi3bplus_stress_v3_threshold_s4103_a1,FORMAL_POLICY_RUN_PASS,2026-09-10T01:04:33Z,2026-09-10T01:06:04Z,018_pi3bplus_stress_v3_threshold_s4103_a1,
19,pi3bplus_stress_v3_unshielded_q_s4104_a1,FORMAL_POLICY_RUN_PASS,2026-09-10T01:06:04Z,2026-09-10T01:07:35Z,019_pi3bplus_stress_v3_unshielded_q_s4104_a1,
20,pi3bplus_stress_v3_fssql_r_s4104_a1,FORMAL_POLICY_RUN_PASS,2026-09-10T01:07:35Z,2026-09-10T01:09:06Z,020_pi3bplus_stress_v3_fssql_r_s4104_a1,
21,pi3bplus_stress_v3_round_robin_s4104_a1,FORMAL_POLICY_RUN_PASS,2026-09-10T01:09:06Z,2026-09-10T01:10:37Z,021_pi3bplus_stress_v3_round_robin_s4104_a1,
22,pi3bplus_stress_v3_safe_greedy_s4104_a1,FORMAL_POLICY_RUN_PASS,2026-09-10T01:10:37Z,2026-09-10T01:12:08Z,022_pi3bplus_stress_v3_safe_greedy_s4104_a1,
23,pi3bplus_stress_v3_threshold_s4104_a1,FORMAL_POLICY_RUN_PASS,2026-09-10T01:12:08Z,2026-09-10T01:13:39Z,023_pi3bplus_stress_v3_threshold_s4104_a1,
24,pi3bplus_stress_v3_static_light_s4104_a1,FORMAL_POLICY_RUN_PASS,2026-09-10T01:13:39Z,2026-09-10T01:15:10Z,024_pi3bplus_stress_v3_static_light_s4104_a1,
25,pi3bplus_stress_v3_round_robin_s4105_a1,FORMAL_POLICY_RUN_PASS,2026-09-10T01:15:10Z,2026-09-10T01:16:41Z,025_pi3bplus_stress_v3_round_robin_s4105_a1,
26,pi3bplus_stress_v3_fssql_r_s4105_a1,FORMAL_POLICY_RUN_PASS,2026-09-10T01:16:41Z,2026-09-10T01:18:11Z,026_pi3bplus_stress_v3_fssql_r_s4105_a1,
27,pi3bplus_stress_v3_unshielded_q_s4105_a1,FORMAL_POLICY_RUN_PASS,2026-09-10T01:18:11Z,2026-09-10T01:19:42Z,027_pi3bplus_stress_v3_unshielded_q_s4105_a1,
28,pi3bplus_stress_v3_safe_greedy_s4105_a1,FORMAL_POLICY_RUN_PASS,2026-09-10T01:19:42Z,2026-09-10T01:21:13Z,028_pi3bplus_stress_v3_safe_greedy_s4105_a1,
29,pi3bplus_stress_v3_threshold_s4105_a1,FORMAL_POLICY_RUN_PASS,2026-09-10T01:21:13Z,2026-09-10T01:22:44Z,029_pi3bplus_stress_v3_threshold_s4105_a1,
30,pi3bplus_stress_v3_static_light_s4105_a1,FORMAL_POLICY_RUN_PASS,2026-09-10T01:22:44Z,2026-09-10T01:24:15Z,030_pi3bplus_stress_v3_static_light_s4105_a1,
31,pi3bplus_stress_v3_safe_greedy_s4106_a1,FORMAL_POLICY_RUN_PASS,2026-09-10T01:24:15Z,2026-09-10T01:25:46Z,031_pi3bplus_stress_v3_safe_greedy_s4106_a1,
32,pi3bplus_stress_v3_static_light_s4106_a1,FORMAL_POLICY_RUN_PASS,2026-09-10T01:25:46Z,2026-09-10T01:27:17Z,032_pi3bplus_stress_v3_static_light_s4106_a1,
33,pi3bplus_stress_v3_round_robin_s4106_a1,FORMAL_POLICY_RUN_PASS,2026-09-10T01:27:17Z,2026-09-10T01:28:48Z,033_pi3bplus_stress_v3_round_robin_s4106_a1,
34,pi3bplus_stress_v3_unshielded_q_s4106_a1,FORMAL_POLICY_RUN_PASS,2026-09-10T01:28:48Z,2026-09-10T01:30:19Z,034_pi3bplus_stress_v3_unshielded_q_s4106_a1,
35,pi3bplus_stress_v3_fssql_r_s4106_a1,FORMAL_POLICY_RUN_PASS,2026-09-10T01:30:19Z,2026-09-10T01:31:50Z,035_pi3bplus_stress_v3_fssql_r_s4106_a1,
36,pi3bplus_stress_v3_threshold_s4106_a1,FORMAL_POLICY_RUN_PASS,2026-09-10T01:31:50Z,2026-09-10T01:33:21Z,036_pi3bplus_stress_v3_threshold_s4106_a1,
37,pi3bplus_stress_v3_static_light_s4107_a1,FORMAL_POLICY_RUN_PASS,2026-09-10T01:33:21Z,2026-09-10T01:34:52Z,037_pi3bplus_stress_v3_static_light_s4107_a1,
38,pi3bplus_stress_v3_safe_greedy_s4107_a1,FORMAL_POLICY_RUN_PASS,2026-09-10T01:34:52Z,2026-09-10T01:36:23Z,038_pi3bplus_stress_v3_safe_greedy_s4107_a1,
39,pi3bplus_stress_v3_fssql_r_s4107_a1,FORMAL_POLICY_RUN_PASS,2026-09-10T01:36:23Z,2026-09-10T01:37:54Z,039_pi3bplus_stress_v3_fssql_r_s4107_a1,
40,pi3bplus_stress_v3_threshold_s4107_a1,FORMAL_POLICY_RUN_PASS,2026-09-10T01:37:54Z,2026-09-10T01:39:24Z,040_pi3bplus_stress_v3_threshold_s4107_a1,
41,pi3bplus_stress_v3_unshielded_q_s4107_a1,FORMAL_POLICY_RUN_PASS,2026-09-10T01:39:24Z,2026-09-10T01:40:55Z,041_pi3bplus_stress_v3_unshielded_q_s4107_a1,
42,pi3bplus_stress_v3_round_robin_s4107_a1,FORMAL_POLICY_RUN_PASS,2026-09-10T01:40:55Z,2026-09-10T01:42:26Z,042_pi3bplus_stress_v3_round_robin_s4107_a1,
43,pi3bplus_stress_v3_threshold_s4108_a1,FORMAL_POLICY_RUN_PASS,2026-09-10T01:42:26Z,2026-09-10T01:43:57Z,043_pi3bplus_stress_v3_threshold_s4108_a1,
44,pi3bplus_stress_v3_safe_greedy_s4108_a1,FORMAL_POLICY_RUN_PASS,2026-09-10T01:43:57Z,2026-09-10T01:45:28Z,044_pi3bplus_stress_v3_safe_greedy_s4108_a1,
45,pi3bplus_stress_v3_static_light_s4108_a1,FORMAL_POLICY_RUN_PASS,2026-09-10T01:45:28Z,2026-09-10T01:46:59Z,045_pi3bplus_stress_v3_static_light_s4108_a1,
46,pi3bplus_stress_v3_round_robin_s4108_a1,FORMAL_POLICY_RUN_PASS,2026-09-10T01:46:59Z,2026-09-10T01:48:30Z,046_pi3bplus_stress_v3_round_robin_s4108_a1,
47,pi3bplus_stress_v3_fssql_r_s4108_a1,FORMAL_POLICY_RUN_PASS,2026-09-10T01:48:30Z,2026-09-10T01:50:01Z,047_pi3bplus_stress_v3_fssql_r_s4108_a1,
48,pi3bplus_stress_v3_unshielded_q_s4108_a1,FORMAL_POLICY_RUN_PASS,2026-09-10T01:50:01Z,2026-09-10T01:51:32Z,048_pi3bplus_stress_v3_unshielded_q_s4108_a1,
49,pi3bplus_stress_v3_unshielded_q_s4109_a1,FORMAL_POLICY_RUN_PASS,2026-09-10T01:51:32Z,2026-09-10T01:53:03Z,049_pi3bplus_stress_v3_unshielded_q_s4109_a1,
50,pi3bplus_stress_v3_fssql_r_s4109_a1,FORMAL_POLICY_RUN_PASS,2026-09-10T01:53:03Z,2026-09-10T01:54:34Z,050_pi3bplus_stress_v3_fssql_r_s4109_a1,
51,pi3bplus_stress_v3_round_robin_s4109_a1,FORMAL_POLICY_RUN_PASS,2026-09-10T01:54:34Z,2026-09-10T01:56:05Z,051_pi3bplus_stress_v3_round_robin_s4109_a1,
52,pi3bplus_stress_v3_threshold_s4109_a1,FORMAL_POLICY_RUN_PASS,2026-09-10T01:56:05Z,2026-09-10T01:57:36Z,052_pi3bplus_stress_v3_threshold_s4109_a1,
53,pi3bplus_stress_v3_safe_greedy_s4109_a1,FORMAL_POLICY_RUN_PASS,2026-09-10T01:57:36Z,2026-09-10T01:59:07Z,053_pi3bplus_stress_v3_safe_greedy_s4109_a1,
54,pi3bplus_stress_v3_static_light_s4109_a1,FORMAL_POLICY_RUN_PASS,2026-09-10T01:59:07Z,2026-09-10T02:00:37Z,054_pi3bplus_stress_v3_static_light_s4109_a1,
55,pi3bplus_stress_v3_unshielded_q_s4110_a1,FORMAL_POLICY_RUN_PASS,2026-09-10T02:00:37Z,2026-09-10T02:02:08Z,055_pi3bplus_stress_v3_unshielded_q_s4110_a1,
56,pi3bplus_stress_v3_safe_greedy_s4110_a1,FORMAL_POLICY_RUN_PASS,2026-09-10T02:02:08Z,2026-09-10T02:03:39Z,056_pi3bplus_stress_v3_safe_greedy_s4110_a1,
57,pi3bplus_stress_v3_fssql_r_s4110_a1,FORMAL_POLICY_RUN_PASS,2026-09-10T02:03:39Z,2026-09-10T02:05:10Z,057_pi3bplus_stress_v3_fssql_r_s4110_a1,
58,pi3bplus_stress_v3_threshold_s4110_a1,FORMAL_POLICY_RUN_PASS,2026-09-10T02:05:10Z,2026-09-10T02:06:41Z,058_pi3bplus_stress_v3_threshold_s4110_a1,
59,pi3bplus_stress_v3_round_robin_s4110_a1,FORMAL_POLICY_RUN_PASS,2026-09-10T02:06:41Z,2026-09-10T02:08:12Z,059_pi3bplus_stress_v3_round_robin_s4110_a1,
60,pi3bplus_stress_v3_static_light_s4110_a1,FORMAL_POLICY_RUN_PASS,2026-09-10T02:08:12Z,2026-09-10T02:09:43Z,060_pi3bplus_stress_v3_static_light_s4110_a1,
