cell_run_id,accepted_attempt_id,execution_order,policy,condition,seed,tp,fp,fn,tn,precision,recall,f1,fpr,cumulative_reward,mean_reward,p50_e2e,p95_e2e,p99_e2e,max_e2e,mean_controller,p95_controller,p99_controller,mean_detector,switch_count,switch_rate,switch_cost,latency_violations,thermal_violations,safe_set_mean,mean_temperature,max_temperature,mean_power_W,peak_power_W,total_energy_J,total_energy_Wh,J_per_window,J_per_1000_records,J_per_correct_attack,action_composition
pi4b8_formal_01_static_light_n16_B0_s5101,pi4b8_formal_01_static_light_n16_B0_s5101,1,Static-Light,n16/B0,5101,381,57,13,149,0.8698630136986302,0.9670050761421319,0.9158653846153847,0.2766990291262136,324.0,0.54,4.249076489941217,5.077024654019623,7.390163741365538,16.4144629961811,4.410848455008818,5.077024654019623,7.390163741365538,0.6622790192583731,0,0.0,0.0,0,0,4.0,42.795735,46.738,3.506202586749921,4.463416759392,210.40817822138638,0.05844671617260733,0.35068029703564396,350.680297035644,0.5522524362766047,"{""lucid_revision"": 600}"
pi4b8_formal_02_static_light_n16_B2_s5101,pi4b8_formal_02_static_light_n16_B2_s5101,2,Static-Light,n16/B2,5101,382,49,9,160,0.8863109048723898,0.9769820971867008,0.9294403892944039,0.23444976076555024,333.0,0.555,5.019720993004739,13.917819551716093,21.965189208567605,48.92749199643731,6.773939710013413,13.917819551716093,21.965189208567605,0.9544886735966429,0,0.0,0.0,1,0,4.0,45.893055,50.147,3.5574941115680003,3.5574941115680003,213.50208504665807,0.05930613473518279,0.35583680841109677,355.83680841109674,0.5589059817975343,"{""lucid_revision"": 600}"
pi4b8_formal_03_threshold_n16_B1_s5101,pi4b8_formal_03_threshold_n16_B1_s5101,3,Threshold,n16/B1,5101,381,7,21,191,0.9819587628865979,0.9477611940298507,0.9645569620253164,0.03535353535353535,374.0,0.6233333333333333,5.4091779893497005,10.872299251786897,18.06437049963278,43.7037119991146,6.160616420044486,10.872299251786897,18.06437049963278,0.37529681164111633,2,0.0033333333333333335,0.0,1,0,4.0,49.073165,54.043,2.9704211831159997,2.9704211831159997,178.26246895061806,0.04951735248628279,0.2971041149176968,297.1041149176968,0.4678804959333807,"{""lucid_revision"": 1, ""tinydl_revision"": 599}"
pi4b8_formal_04_safe_greedy_n16_B1_s5101,pi4b8_formal_04_safe_greedy_n16_B1_s5101,4,Safe-Greedy,n16/B1,5101,402,198,0,0,0.67,1.0,0.8023952095808384,1.0,204.0,0.34,3.8500004884554073,4.078542265051509,5.477827046706807,9.393953980179504,3.9316349000728223,4.078542265051509,5.477827046706807,0.43395476473961025,0,0.0,0.0,0,0,4.0,42.01734666666667,44.303,2.7501862087199997,2.7501862087199997,165.04039290789433,0.0458445535855262,0.2750673215131572,275.0673215131572,0.41054824106441373,"{""fisvdd_revision"": 600}"
pi4b8_formal_05_static_light_n16_B1_s5101,pi4b8_formal_05_static_light_n16_B1_s5101,5,Static-Light,n16/B1,5101,396,40,6,158,0.908256880733945,0.9850746268656716,0.9451073985680192,0.20202020202020202,356.0,0.5933333333333334,4.047062000609003,4.1742367058759555,5.276822320884093,9.505303984042257,4.09706360665344,4.1742367058759555,5.276822320884093,0.6180708919418976,0,0.0,0.0,0,0,4.0,40.23249166666667,42.355,2.7453186200340003,2.7453186200340003,164.74723475534643,0.045763120765374005,0.27457872459224403,274.57872459224404,0.41602837059430914,"{""lucid_revision"": 600}"
pi4b8_formal_06_fssql_r_n16_B0_s5101,pi4b8_formal_06_fssql_r_n16_B0_s5101,6,FSSQL-R,n16/B0,5101,393,46,1,160,0.8952164009111617,0.9974619289340102,0.943577430972389,0.22330097087378642,347.0,0.5783333333333334,4.005498019978404,4.159522108966485,5.618276931345461,8.092328003840521,4.05537171822895,4.159522108966485,5.618276931345461,0.5318745631666388,15,0.025,0.0,0,0,4.0,39.74955,41.381,3.1314691295759998,3.1314691295759998,187.91564259334157,0.052198789609261546,0.31319273765556926,313.19273765556926,0.47815685138254854,"{""oi_svdd_as_elm_revision"": 592, ""tinydl_revision"": 8}"
pi4b8_formal_07_threshold_n16_B2_s5101,pi4b8_formal_07_threshold_n16_B2_s5101,7,Threshold,n16/B2,5101,374,9,17,200,0.9765013054830287,0.9565217391304348,0.9664082687338501,0.0430622009569378,365.0,0.6083333333333333,3.7064109928905964,3.8386721091228537,4.933706815354526,9.109978011110798,3.751438732482105,3.8386721091228537,4.933706815354526,0.2869333512110946,2,0.0033333333333333335,0.0,0,0,4.0,39.450856666666674,41.381,2.7390647219699997,2.7390647219699997,164.35459454583588,0.04565405404050997,0.2739243242430598,273.9243242430598,0.43945078755571093,"{""lucid_revision"": 1, ""tinydl_revision"": 599}"
pi4b8_formal_08_safe_greedy_n16_B0_s5101,pi4b8_formal_08_safe_greedy_n16_B0_s5101,8,Safe-Greedy,n16/B0,5101,394,206,0,0,0.6566666666666666,1.0,0.7927565392354123,1.0,188.0,0.31333333333333335,3.8569180032936856,3.9733398836688134,5.284921885177026,7.883351005148143,3.903597246632368,3.9733398836688134,5.284921885177026,0.42471363170382875,0,0.0,0.0,0,0,4.0,39.35995,41.381,2.7986614317479996,2.7986614317479996,167.9335224869983,0.046648200690832864,0.2798892041449972,279.88920414499717,0.42622721443400585,"{""fisvdd_revision"": 600}"
pi4b8_formal_09_threshold_n16_B0_s5101,pi4b8_formal_09_threshold_n16_B0_s5101,9,Threshold,n16/B0,5101,361,18,33,188,0.9525065963060686,0.916243654822335,0.9340232858990943,0.08737864077669903,343.0,0.5716666666666667,3.703540001879446,3.8521077411132865,4.993885846924968,9.057312010554597,3.7618084367810902,3.8521077411132865,4.993885846924968,0.28938929322369705,2,0.0033333333333333335,0.0,0,0,4.0,39.20329833333333,40.894,2.980976584464,2.980976584464,178.88955387495685,0.04969154274304357,0.2981492564582614,298.1492564582614,0.4955389304015425,"{""lucid_revision"": 1, ""tinydl_revision"": 599}"
pi4b8_formal_10_fssql_r_n16_B2_s5101,pi4b8_formal_10_fssql_r_n16_B2_s5101,10,FSSQL-R,n16/B2,5101,389,38,2,171,0.9110070257611241,0.9948849104859335,0.9511002444987775,0.18181818181818182,351.0,0.585,4.028183000627905,4.172771508456208,5.034418415743858,5.6414619903080165,4.060864480416058,4.172771508456208,5.034418415743858,0.5313952666377494,21,0.035,0.0,0,0,4.0,39.159468333333336,40.894,2.738985947874,2.738985947874,164.3498276193197,0.04565272989425548,0.27391637936553287,273.91637936553286,0.4224931301267859,"{""oi_svdd_as_elm_revision"": 589, ""tinydl_revision"": 11}"
pi4b8_formal_11_safe_greedy_n16_B2_s5101,pi4b8_formal_11_safe_greedy_n16_B2_s5101,11,Safe-Greedy,n16/B2,5101,391,209,0,0,0.6516666666666666,1.0,0.7891019172552977,1.0,182.0,0.30333333333333334,3.8210015190998092,3.9640389091800894,4.948798863624687,9.481473010964692,3.8617140766291413,3.9640389091800894,4.948798863624687,0.4252848148947426,0,0.0,0.0,0,0,4.0,39.118885000000006,41.381,2.755962621522,2.755962621522,165.37700780598175,0.04593805772388382,0.2756283463433029,275.62834634330295,0.42295909924803515,"{""fisvdd_revision"": 600}"
pi4b8_formal_12_fssql_r_n16_B1_s5101,pi4b8_formal_12_fssql_r_n16_B1_s5101,12,FSSQL-R,n16/B1,5101,402,37,0,161,0.9157175398633257,1.0,0.9560047562425683,0.18686868686868688,365.0,0.6083333333333333,4.002906003734097,4.279426910215987,5.410400753899012,7.125048985471949,4.0601903438315885,4.279426910215987,5.410400753899012,0.5306383833036913,9,0.015,0.0,0,0,4.0,39.14242333333333,41.381,2.740458375516,2.740458375516,164.4408513037071,0.04567801425102975,0.2740680855061785,274.0680855061785,0.4090568440390724,"{""oi_svdd_as_elm_revision"": 595, ""tinydl_revision"": 5}"
pi4b8_formal_13_safe_greedy_n16_B1_s5102,pi4b8_formal_13_safe_greedy_n16_B1_s5102,13,Safe-Greedy,n16/B1,5102,418,182,0,0,0.6966666666666667,1.0,0.8212180746561886,1.0,236.0,0.3933333333333333,3.872981993481517,4.000787941913586,5.931050436338408,9.065351012395695,3.938549576657048,4.000787941913586,5.931050436338408,0.4277941329443517,0,0.0,0.0,0,0,4.0,39.127813333333336,40.407,2.7456232587,2.7456232587,164.74624912740097,0.045762846979833606,0.2745770818790016,274.57708187900164,0.3941297826014377,"{""fisvdd_revision"": 600}"
pi4b8_formal_14_static_light_n16_B2_s5102,pi4b8_formal_14_static_light_n16_B2_s5102,14,Static-Light,n16/B2,5102,383,50,7,160,0.8845265588914549,0.982051282051282,0.9307411907654921,0.23809523809523808,333.0,0.555,4.017841012682766,4.157756305357907,5.668346734892106,8.910037984605879,4.075046730528508,4.157756305357907,5.668346734892106,0.6183675947734931,0,0.0,0.0,0,0,4.0,39.138365,40.894,2.736875594986,2.736875594986,164.22597558382768,0.045618326551063244,0.2737099593063795,273.70995930637946,0.42878844799955007,"{""lucid_revision"": 600}"
pi4b8_formal_15_threshold_n16_B0_s5102,pi4b8_formal_15_threshold_n16_B0_s5102,15,Threshold,n16/B0,5102,395,12,18,175,0.9705159705159705,0.9564164648910412,0.9634146341463415,0.06417112299465241,383.0,0.6383333333333333,3.696308995131403,3.8446313061285764,5.458216183469626,8.999721991131082,3.7576456399983726,3.8446313061285764,5.458216183469626,0.28601630105792236,2,0.0033333333333333335,0.0,0,0,4.0,39.082359999999994,40.894,2.92807893888,2.92807893888,175.52687298291897,0.048757464717477494,0.29254478830486497,292.544788304865,0.44437183033650374,"{""lucid_revision"": 1, ""tinydl_revision"": 599}"
pi4b8_formal_16_static_light_n16_B0_s5102,pi4b8_formal_16_static_light_n16_B0_s5102,16,Static-Light,n16/B0,5102,402,37,11,150,0.9157175398633257,0.9733656174334141,0.9436619718309859,0.19786096256684493,365.0,0.6083333333333333,4.0300635155290365,4.170178485219367,5.2977257446036665,6.616632017539814,4.072235587324637,4.170178485219367,5.2977257446036665,0.6189042711048387,0,0.0,0.0,0,0,4.0,39.0921,40.894,2.7446173248959997,2.744617324896,164.70216658064328,0.04575060182795647,0.2745036109677388,274.5036109677388,0.4097068820414012,"{""lucid_revision"": 600}"
pi4b8_formal_17_static_light_n16_B1_s5102,pi4b8_formal_17_static_light_n16_B1_s5102,17,Static-Light,n16/B1,5102,407,46,11,136,0.8984547461368654,0.9736842105263158,0.9345579793340988,0.25274725274725274,361.0,0.6016666666666667,4.021008004201576,4.158002795884386,5.351470555760898,8.364399982383475,4.072203204850666,4.158002795884386,5.351470555760898,0.659538324495467,0,0.0,0.0,0,0,4.0,39.109145000000005,40.894,2.84778846152,2.84778846152,170.89263070178018,0.047470175194938936,0.28482105116963363,284.8210511696336,0.4198836135178874,"{""lucid_revision"": 600}"
pi4b8_formal_18_fssql_r_n16_B0_s5102,pi4b8_formal_18_fssql_r_n16_B0_s5102,18,FSSQL-R,n16/B0,5102,413,171,0,16,0.7071917808219178,1.0,0.8284854563691074,0.9144385026737968,242.0,0.4033333333333333,3.8854360027471557,4.06160368147539,5.230678125517441,9.661654999945313,3.9430893196549732,4.06160368147539,5.230678125517441,0.42569531355790485,33,0.055,0.0,0,0,4.0,39.060445,40.894,2.749671815944,2.749671815944,164.99951930780972,0.04583319980772492,0.27499919884634955,274.9991988463495,0.3995145745951809,"{""fisvdd_revision"": 582, ""lucid_revision"": 16, ""oi_svdd_as_elm_revision"": 2}"
pi4b8_formal_19_threshold_n16_B1_s5102,pi4b8_formal_19_threshold_n16_B1_s5102,19,Threshold,n16/B1,5102,389,8,29,174,0.9798488664987406,0.930622009569378,0.9546012269938651,0.04395604395604396,381.0,0.635,3.697911015478894,3.820248738338705,4.903838944737799,5.676388012943789,3.730521899803231,3.820248738338705,4.903838944737799,0.2864726420860582,2,0.0033333333333333335,0.0,0,0,4.0,38.94356500000001,40.407,3.1432638451679997,3.1432638451679997,188.60884081115265,0.052391344669764625,0.3143480680185877,314.34806801858775,0.48485563190527675,"{""lucid_revision"": 1, ""tinydl_revision"": 599}"
pi4b8_formal_20_fssql_r_n16_B1_s5102,pi4b8_formal_20_fssql_r_n16_B1_s5102,20,FSSQL-R,n16/B1,5102,418,178,0,4,0.7013422818791947,1.0,0.824457593688363,0.978021978021978,240.0,0.4,3.859602991724387,3.9993489015614614,5.0216255482519045,9.659044008003548,3.91000593144175,3.9993489015614614,5.0216255482519045,0.42299692349236767,13,0.021666666666666667,0.0,0,0,4.0,38.85996333333333,40.407,2.738650798848,2.738650798848,164.33784260664976,0.04564940072406938,0.27389640434441626,273.8964043444163,0.3931527335087315,"{""fisvdd_revision"": 592, ""lucid_revision"": 6, ""oi_svdd_as_elm_revision"": 2}"
pi4b8_formal_21_threshold_n16_B2_s5102,pi4b8_formal_21_threshold_n16_B2_s5102,21,Threshold,n16/B2,5102,372,11,18,199,0.9712793733681462,0.9538461538461539,0.9624838292367399,0.05238095238095238,361.0,0.6016666666666667,3.6851985059911385,3.8161740521900356,4.750556214421519,9.277069009840488,3.734788669680711,3.8161740521900356,4.750556214421519,0.2875427936669439,2,0.0033333333333333335,0.0,0,0,4.0,38.92570833333333,40.407,2.841971559904,2.841971559904,170.52732431411815,0.04736870119836615,0.2842122071901969,284.2122071901969,0.4584067857906402,"{""lucid_revision"": 1, ""tinydl_revision"": 599}"
pi4b8_formal_22_fssql_r_n16_B2_s5102,pi4b8_formal_22_fssql_r_n16_B2_s5102,22,FSSQL-R,n16/B2,5102,390,199,0,11,0.6621392190152802,1.0,0.7967313585291114,0.9476190476190476,191.0,0.31833333333333336,3.8811020058346912,4.108864146110135,5.056208716414402,6.238299974938855,3.921992072088566,4.108864146110135,5.056208716414402,0.42482780355688493,22,0.03666666666666667,0.0,0,0,4.0,38.91353333333333,40.407,3.06978003453,3.06978003453,184.2015904792553,0.051167108466459804,0.3070026507987588,307.0026507987588,0.47231177045962897,"{""fisvdd_revision"": 588, ""lucid_revision"": 11, ""oi_svdd_as_elm_revision"": 1}"
pi4b8_formal_23_safe_greedy_n16_B0_s5102,pi4b8_formal_23_safe_greedy_n16_B0_s5102,23,Safe-Greedy,n16/B0,5102,413,187,0,0,0.6883333333333334,1.0,0.8153998025666337,1.0,226.0,0.37666666666666665,3.8448239938588813,3.988397253851872,4.940770411340053,5.6047330144792795,3.8792351436859462,3.988397253851872,4.940770411340053,0.4271129734115675,0,0.0,0.0,0,0,4.0,38.92733166666666,40.894,2.8777494809959996,2.8777494809959996,172.6775851523375,0.04796599587564931,0.28779597525389583,287.79597525389585,0.4181055330565073,"{""fisvdd_revision"": 600}"
pi4b8_formal_24_safe_greedy_n16_B2_s5102,pi4b8_formal_24_safe_greedy_n16_B2_s5102,24,Safe-Greedy,n16/B2,5102,390,210,0,0,0.65,1.0,0.787878787878788,1.0,180.0,0.3,3.838887991150841,3.9516331467893906,5.261531407886647,9.23789999797009,3.896433667590221,3.9516331467893906,5.261531407886647,0.42351084368419833,0,0.0,0.0,0,0,4.0,38.869703333333334,40.407,2.741163898536,2.741163898536,164.48388785946753,0.04568996884985209,0.27413981309911256,274.13981309911253,0.4217535586140193,"{""fisvdd_revision"": 600}"
pi4b8_formal_25_static_light_n16_B2_s5103,pi4b8_formal_25_static_light_n16_B2_s5103,25,Static-Light,n16/B2,5103,404,42,11,143,0.905829596412556,0.9734939759036144,0.9384436701509873,0.22702702702702704,362.0,0.6033333333333334,4.0184215031331405,4.153414840402547,5.379055728553793,6.303886999376118,4.061299810176327,4.153414840402547,5.379055728553793,0.6180532717553433,0,0.0,0.0,0,0,4.0,38.91028666666667,40.894,2.7710585073739997,2.7710585073739997,166.2847568407805,0.04619021023355013,0.2771412614013008,277.1412614013008,0.41159593277420914,"{""lucid_revision"": 600}"
pi4b8_formal_26_fssql_r_n16_B1_s5103,pi4b8_formal_26_fssql_r_n16_B1_s5103,26,FSSQL-R,n16/B1,5103,397,8,23,172,0.980246913580247,0.9452380952380952,0.9624242424242424,0.044444444444444446,389.0,0.6483333333333333,3.7099809997016564,3.858183878764976,4.500278528430496,6.194128014612943,3.748203582702748,3.858183878764976,4.500278528430496,0.2859428955707699,19,0.03166666666666667,0.0,0,0,4.0,38.96061,40.407,2.7467388985800003,2.74673889858,164.81840282680167,0.04578288967411158,0.27469733804466945,274.69733804466944,0.4151597048534047,"{""fisvdd_revision"": 1, ""lucid_revision"": 1, ""oi_svdd_as_elm_revision"": 10, ""tinydl_revision"": 588}"
pi4b8_formal_27_safe_greedy_n16_B0_s5103,pi4b8_formal_27_safe_greedy_n16_B0_s5103,27,Safe-Greedy,n16/B0,5103,407,193,0,0,0.6783333333333333,1.0,0.8083416087388282,1.0,214.0,0.3566666666666667,3.816042997641489,3.9477966507547535,4.920909571228546,6.102424988057464,3.8551548776740674,3.9477966507547535,4.920909571228546,0.42501493968302384,0,0.0,0.0,0,0,4.0,38.972785,40.407,2.73755844043,2.73755844043,164.2643898165968,0.04562899717127689,0.2737739830276613,273.77398302766136,0.4035980093773877,"{""fisvdd_revision"": 600}"
pi4b8_formal_28_threshold_n16_B2_s5103,pi4b8_formal_28_threshold_n16_B2_s5103,28,Threshold,n16/B2,5103,392,7,23,178,0.9824561403508771,0.944578313253012,0.9631449631449632,0.03783783783783784,385.0,0.6416666666666667,3.683442992041819,3.823457399266772,4.557681024016346,5.1585870096459985,3.712247029519252,3.823457399266772,4.557681024016346,0.28710525895197253,2,0.0033333333333333335,0.0,0,0,4.0,38.953305,40.407,2.919388946784,2.919388946784,175.18934406377733,0.04866370668438259,0.29198224010629553,291.98224010629554,0.446911591999432,"{""lucid_revision"": 1, ""tinydl_revision"": 599}"
pi4b8_formal_29_static_light_n16_B1_s5103,pi4b8_formal_29_static_light_n16_B1_s5103,29,Static-Light,n16/B1,5103,410,41,10,139,0.9090909090909091,0.9761904761904762,0.941446613088404,0.22777777777777777,369.0,0.615,4.031973992823623,4.137158936646301,5.839098803699014,8.775380993029103,4.089695849785737,4.137158936646301,5.839098803699014,0.6228531781137766,0,0.0,0.0,0,0,4.0,38.93788333333333,40.894,2.94410855532,2.94410855532,176.66058309327698,0.04907238419257694,0.29443430515546165,294.43430515546163,0.43087947095921214,"{""lucid_revision"": 600}"
pi4b8_formal_30_fssql_r_n16_B0_s5103,pi4b8_formal_30_fssql_r_n16_B0_s5103,30,FSSQL-R,n16/B0,5103,374,13,33,180,0.9664082687338501,0.918918918918919,0.9420654911838791,0.06735751295336788,361.0,0.6016666666666667,3.6999695003032684,3.8734367117285724,5.29105085210176,8.90978699317202,3.761291658253564,3.8734367117285724,5.29105085210176,0.28654798477267224,17,0.028333333333333332,0.0,0,0,4.0,38.919215,40.407,2.7444236127000003,2.7444236127000003,164.68008593399725,0.04574446831499924,0.2744668098899954,274.4668098899954,0.4403210853850194,"{""fisvdd_revision"": 1, ""lucid_revision"": 1, ""oi_svdd_as_elm_revision"": 9, ""tinydl_revision"": 589}"
pi4b8_formal_31_safe_greedy_n16_B2_s5103,pi4b8_formal_31_safe_greedy_n16_B2_s5103,31,Safe-Greedy,n16/B2,5103,415,185,0,0,0.6916666666666667,1.0,0.8177339901477833,1.0,230.0,0.38333333333333336,3.829707988188602,3.9480633524362916,5.077015771530568,9.590423986082897,3.8722471211804077,3.9480633524362916,5.077015771530568,0.42504967854862724,0,0.0,0.0,0,0,4.0,38.96061,40.407,2.854357269552,2.854357269552,171.27419503023145,0.047576165286175406,0.2854569917170524,285.45699171705246,0.41270890368730473,"{""fisvdd_revision"": 600}"
pi4b8_formal_32_fssql_r_n16_B2_s5103,pi4b8_formal_32_fssql_r_n16_B2_s5103,32,FSSQL-R,n16/B2,5103,392,7,23,178,0.9824561403508771,0.944578313253012,0.9631449631449632,0.03783783783783784,385.0,0.6416666666666667,3.7193765019765124,3.8606000394793227,4.864763355581087,5.398191977292299,3.7606326979099927,3.8606000394793227,4.864763355581087,0.28592921706149355,15,0.025,0.0,0,0,4.0,39.05719833333333,40.894,2.8352675109879995,2.8352675109879995,170.13634160563046,0.04726009489045291,0.28356056934271745,283.56056934271743,0.4340212796062002,"{""fisvdd_revision"": 1, ""lucid_revision"": 1, ""oi_svdd_as_elm_revision"": 7, ""tinydl_revision"": 591}"
pi4b8_formal_33_threshold_n16_B0_s5103,pi4b8_formal_33_threshold_n16_B0_s5103,33,Threshold,n16/B0,5103,374,12,33,181,0.9689119170984456,0.918918918918919,0.9432534678436317,0.06217616580310881,362.0,0.6033333333333334,3.703042501001619,3.8425097838626243,4.832802382006776,5.4697649902664125,3.7370671608368866,3.8425097838626243,4.832802382006776,0.32675565050643246,4,0.006666666666666667,0.0,0,0,4.0,38.93463666666666,40.407,3.1333444057019997,3.1333444057019997,187.92367402492417,0.05220102056247893,0.31320612337487364,313.20612337487364,0.5024697166441823,"{""lucid_revision"": 2, ""tinydl_revision"": 598}"
pi4b8_formal_34_safe_greedy_n16_B1_s5103,pi4b8_formal_34_safe_greedy_n16_B1_s5103,34,Safe-Greedy,n16/B1,5103,420,180,0,0,0.7,1.0,0.8235294117647058,1.0,240.0,0.4,3.850595996482298,3.9912923617521296,4.9517962930258355,6.309029005933553,3.8866148595601167,3.9912923617521296,4.9517962930258355,0.42407515390853706,0,0.0,0.0,0,0,4.0,38.958175,40.407,2.7710753965799997,2.7710753965799997,166.27654033325703,0.04618792787034918,0.27712756722209503,277.127567222095,0.3958965246029929,"{""fisvdd_revision"": 600}"
pi4b8_formal_35_threshold_n16_B1_s5103,pi4b8_formal_35_threshold_n16_B1_s5103,35,Threshold,n16/B1,5103,397,8,23,172,0.980246913580247,0.9452380952380952,0.9624242424242424,0.044444444444444446,389.0,0.6483333333333333,3.6974684917367995,3.8416156923631206,5.18880735267885,7.666951016290113,3.7535205947157615,3.8416156923631206,5.18880735267885,0.3184013019199483,0,0.0,0.0,0,0,4.0,38.847788333333334,40.407,2.7409249176480004,2.7409249176480004,164.48262427597973,0.04568961785443881,0.2741377071266329,274.1377071266329,0.41431391505284565,"{""tinydl_revision"": 600}"
pi4b8_formal_36_static_light_n16_B0_s5103,pi4b8_formal_36_static_light_n16_B0_s5103,36,Static-Light,n16/B0,5103,399,50,8,143,0.888641425389755,0.9803439803439803,0.9322429906542056,0.25906735751295334,349.0,0.5816666666666667,3.9927974867168814,4.12903358519543,5.485631301125977,9.583753999322653,4.052839206997305,4.12903358519543,5.485631301125977,0.6167099154360282,0,0.0,0.0,0,0,4.0,38.80882833333333,40.407,2.745088570944,2.745088570944,164.7185776105002,0.045755160447361165,0.274530962684167,274.53096268416704,0.41282851531453685,"{""lucid_revision"": 600}"
pi4b8_formal_37_threshold_n16_B0_s5104,pi4b8_formal_37_threshold_n16_B0_s5104,37,Threshold,n16/B0,5104,388,15,19,178,0.9627791563275434,0.9533169533169533,0.9580246913580247,0.07772020725388601,373.0,0.6216666666666667,3.697366497362964,3.8356203644070774,4.549177027365656,9.015892021125183,3.7415870781599856,3.8356203644070774,4.549177027365656,0.28722176677547395,2,0.0033333333333333335,0.0,0,0,4.0,38.961421666666666,40.894,3.0932050135,3.0932050135,185.61493005139926,0.05155970279205535,0.3093582167523321,309.35821675233205,0.47838899497783316,"{""lucid_revision"": 1, ""tinydl_revision"": 599}"
pi4b8_formal_38_safe_greedy_n16_B1_s5104,pi4b8_formal_38_safe_greedy_n16_B1_s5104,38,Safe-Greedy,n16/B1,5104,398,202,0,0,0.6633333333333333,1.0,0.7975951903807615,1.0,196.0,0.32666666666666666,3.8488359859911725,3.9542941245599645,4.669534696731713,5.93597799888812,3.8618441630872744,3.9542941245599645,4.669534696731713,0.42546354942411807,0,0.0,0.0,0,0,4.0,38.81207500000001,40.407,2.828501058284,2.828501058284,169.71647005193725,0.047143463903315905,0.2828607834198954,282.8607834198954,0.426423291587782,"{""fisvdd_revision"": 600}"
pi4b8_formal_39_static_light_n16_B1_s5104,pi4b8_formal_39_static_light_n16_B1_s5104,39,Static-Light,n16/B1,5104,388,37,10,165,0.9129411764705883,0.9748743718592965,0.9428918590522478,0.18316831683168316,351.0,0.585,4.010685515822843,4.145049161161296,5.393678368709516,6.800113013014197,4.052654234304403,4.145049161161296,5.393678368709516,0.6178054169868119,0,0.0,0.0,0,0,4.0,38.855905,40.407,2.785546481304,2.785546481304,167.15507557045092,0.046431965436236365,0.2785917926174182,278.5917926174182,0.4308120504393065,"{""lucid_revision"": 600}"
pi4b8_formal_40_safe_greedy_n16_B2_s5104,pi4b8_formal_40_safe_greedy_n16_B2_s5104_attempt2,40,Safe-Greedy,n16/B2,5104,430,170,0,0,0.7166666666666667,1.0,0.8349514563106796,1.0,260.0,0.43333333333333335,3.8047669950174168,5.2767248620511955,6.320065573381724,14.752630988368765,4.065268180711428,5.2767248620511955,6.320065573381724,0.4432787936821114,0,0.0,0.0,0,0,4.0,34.86899833333334,37.972,3.0497328428808474,3.887762656932,183.02964210321696,0.0508415672508936,0.3050494035053616,305.0494035053616,0.4256503304725976,"{""fisvdd_revision"": 600}"
pi4b8_formal_41_static_light_n16_B0_s5104,pi4b8_formal_41_static_light_n16_B0_s5104,41,Static-Light,n16/B0,5104,397,36,10,157,0.9168591224018475,0.9754299754299754,0.9452380952380952,0.18652849740932642,361.0,0.6016666666666667,4.000454006018117,4.1279439043137245,5.276885888597461,9.962209995137528,4.051936496446918,4.1279439043137245,5.276885888597461,0.6200399866793305,0,0.0,0.0,0,0,4.0,38.43870833333333,40.407,2.899789702348012,3.854278975794,174.02517546254512,0.04834032651737365,0.29004195910424185,290.04195910424187,0.4383505679157308,"{""lucid_revision"": 600}"
pi4b8_formal_42_fssql_r_n16_B1_s5104,pi4b8_formal_42_fssql_r_n16_B1_s5104,42,FSSQL-R,n16/B1,5104,398,39,0,163,0.9107551487414187,1.0,0.9532934131736527,0.19306930693069307,359.0,0.5983333333333334,4.007546493085101,4.1278719931142405,5.070908090565353,5.74157401570119,4.03703658725135,4.1278719931142405,5.070908090565353,0.56712376846311,41,0.06833333333333333,0.0,0,0,4.0,38.56208166666667,39.92,2.753532415962,2.753532415962,165.22641649152365,0.04589622680320101,0.2753773608192061,275.3773608192061,0.4151417499787026,"{""fisvdd_revision"": 12, ""lucid_revision"": 2, ""oi_svdd_as_elm_revision"": 572, ""tinydl_revision"": 14}"
pi4b8_formal_43_fssql_r_n16_B2_s5104,pi4b8_formal_43_fssql_r_n16_B2_s5104,43,FSSQL-R,n16/B2,5104,430,32,0,138,0.9307359307359307,1.0,0.9641255605381166,0.18823529411764706,398.0,0.6633333333333333,3.987944990512915,4.128430743003264,5.5160097795305765,7.984445022884756,4.037284969623822,4.128430743003264,5.5160097795305765,0.53450505064878,11,0.018333333333333333,0.0,0,0,4.0,38.466305000000006,40.407,2.7417853999199995,2.7417853999199995,164.51495761881077,0.04569859933855855,0.2741915960313513,274.19159603135125,0.38259292469490874,"{""fisvdd_revision"": 4, ""oi_svdd_as_elm_revision"": 592, ""tinydl_revision"": 4}"
pi4b8_formal_44_threshold_n16_B1_s5104,pi4b8_formal_44_threshold_n16_B1_s5104,44,Threshold,n16/B1,5104,364,10,34,192,0.9732620320855615,0.914572864321608,0.9430051813471502,0.04950495049504951,354.0,0.59,3.6718214832944795,3.812198160449043,4.939715580258051,9.526256006211042,3.725852303856906,3.812198160449043,4.939715580258051,0.2868259313011852,4,0.006666666666666667,0.0,0,0,4.0,38.50201833333334,40.407,3.1385084042159996,3.1385084042159996,188.32699476074276,0.05231305410020632,0.31387832460123793,313.8783246012379,0.5173818537383043,"{""lucid_revision"": 2, ""tinydl_revision"": 598}"
pi4b8_formal_45_static_light_n16_B2_s5104,pi4b8_formal_45_static_light_n16_B2_s5104,45,Static-Light,n16/B2,5104,416,34,14,136,0.9244444444444444,0.9674418604651163,0.9454545454545454,0.2,382.0,0.6366666666666667,4.030352502013557,4.180094963521697,5.490414973173755,7.56584299961105,4.082241933986855,4.180094963521697,5.490414973173755,0.634673129679868,0,0.0,0.0,0,0,4.0,38.42896833333334,39.92,2.75017795008,2.75017795008,164.96619792028383,0.04582394386674551,0.27494366320047303,274.94366320047305,0.39655336038529765,"{""lucid_revision"": 600}"
pi4b8_formal_46_safe_greedy_n16_B0_s5104,pi4b8_formal_46_safe_greedy_n16_B0_s5104,46,Safe-Greedy,n16/B0,5104,407,193,0,0,0.6783333333333333,1.0,0.8083416087388282,1.0,214.0,0.3566666666666667,3.8430404965765774,3.9722437359159812,4.748151402745857,5.931367981247604,3.8776624155192017,3.9722437359159812,4.748151402745857,0.42895463896760094,0,0.0,0.0,0,0,4.0,38.390008333333334,39.92,3.1311222768,3.1311222768,187.99945091833297,0.05222206969953694,0.31333241819722163,313.3324181972216,0.4619151128214569,"{""fisvdd_revision"": 600}"
pi4b8_formal_47_fssql_r_n16_B0_s5104,pi4b8_formal_47_fssql_r_n16_B0_s5104,47,FSSQL-R,n16/B0,5104,407,37,0,156,0.9166666666666666,1.0,0.9565217391304348,0.19170984455958548,370.0,0.6166666666666667,4.014149002614431,4.396198788890615,5.4414290632121265,5.792018986539915,4.069009298546007,4.396198788890615,5.4414290632121265,0.5330242830677889,26,0.043333333333333335,0.0,0,0,4.0,38.499583333333334,40.407,2.746361920434,2.746361920434,164.80327737211965,0.04577868815892212,0.27467212895353277,274.67212895353276,0.4049220574253554,"{""fisvdd_revision"": 9, ""oi_svdd_as_elm_revision"": 582, ""tinydl_revision"": 9}"
pi4b8_formal_48_threshold_n16_B2_s5104,pi4b8_formal_48_threshold_n16_B2_s5104,48,Threshold,n16/B2,5104,404,11,26,159,0.9734939759036144,0.9395348837209302,0.9562130177514792,0.06470588235294118,393.0,0.655,3.7166995025472715,3.9443808040232393,5.015022123698144,6.759540003258735,3.78411280180444,3.9443808040232393,5.015022123698144,0.2875740971164002,0,0.0,0.0,0,0,4.0,38.57750333333333,39.92,2.7663395868419998,2.7663395868419998,165.9874026342615,0.04610761184285042,0.2766456710571025,276.64567105710256,0.4108599075105483,"{""tinydl_revision"": 600}"
pi4b8_formal_49_static_light_n16_B1_s5105,pi4b8_formal_49_static_light_n16_B1_s5105,49,Static-Light,n16/B1,5105,395,51,9,145,0.8856502242152466,0.9777227722772277,0.9294117647058824,0.2602040816326531,344.0,0.5733333333333334,4.001278502983041,4.197544069029391,5.5439944087993345,6.33423202089034,4.062271653383505,4.197544069029391,5.5439944087993345,0.6188064424592691,0,0.0,0.0,0,0,4.0,38.465493333333335,40.407,2.742439501532,2.742439501532,164.5604162966193,0.04571122674906092,0.2742673604943655,274.2673604943655,0.4166086488522008,"{""lucid_revision"": 600}"
pi4b8_formal_50_threshold_n16_B2_s5105,pi4b8_formal_50_threshold_n16_B2_s5105,50,Threshold,n16/B2,5105,390,9,19,182,0.9774436090225563,0.9535452322738386,0.9653465346534652,0.04712041884816754,381.0,0.635,3.70050550554879,3.8236425825743936,5.308008621504992,8.222072006901726,3.753553809656296,3.8236425825743936,5.308008621504992,0.2875019433849957,4,0.006666666666666667,0.0,0,0,4.0,38.45818833333333,39.92,2.7523818053279996,2.7523818053279996,165.15112452341663,0.04587531236761573,0.27525187420569436,275.2518742056944,0.42346442185491445,"{""lucid_revision"": 2, ""tinydl_revision"": 598}"
pi4b8_formal_51_fssql_r_n16_B2_s5105,pi4b8_formal_51_fssql_r_n16_B2_s5105_attempt2,51,FSSQL-R,n16/B2,5105,393,38,16,153,0.9118329466357309,0.960880195599022,0.9357142857142858,0.19895287958115182,355.0,0.5916666666666667,3.8624510052613914,4.325488665199372,6.28700628119986,13.525801012292504,3.9726505996562387,4.325488665199372,6.28700628119986,0.30786079475850175,146,0.24333333333333335,0.0,0,0,4.0,35.36168,37.485,2.888590578816,2.888590578816,173.37325913888216,0.04815923864968949,0.28895543189813694,288.9554318981369,0.4411533311421938,"{""fisvdd_revision"": 99, ""oi_svdd_as_elm_revision"": 1, ""tinydl_revision"": 500}"
pi4b8_formal_52_safe_greedy_n16_B1_s5105,pi4b8_formal_52_safe_greedy_n16_B1_s5105,52,Safe-Greedy,n16/B1,5105,404,196,0,0,0.6733333333333333,1.0,0.8047808764940239,1.0,208.0,0.3466666666666667,3.7346614990383387,3.8986428291536868,4.717770246788856,9.179943997878581,3.7751107637692862,3.8986428291536868,4.717770246788856,0.41917893502007547,0,0.0,0.0,0,0,4.0,36.07432333333333,37.972,2.8969002907594357,3.553334572032,173.84811251353824,0.04829114236487173,0.2897468541892304,289.7468541892304,0.43031711018202534,"{""fisvdd_revision"": 600}"
pi4b8_formal_53_static_light_n16_B0_s5105,pi4b8_formal_53_static_light_n16_B0_s5105,53,Static-Light,n16/B0,5105,378,46,12,164,0.8915094339622641,0.9692307692307692,0.9287469287469287,0.21904761904761905,332.0,0.5533333333333333,3.9460840198444203,4.061958161764778,5.184631129668559,6.073475000448525,3.9812506497643576,4.061958161764778,5.184631129668559,0.6110021464701276,0,0.0,0.0,0,0,4.0,36.12627,39.433,2.724883628612,2.724883628612,163.50658354986507,0.045418495430518076,0.27251097258310847,272.5109725831084,0.43255709933826736,"{""lucid_revision"": 600}"
pi4b8_formal_54_fssql_r_n16_B0_s5105,pi4b8_formal_54_fssql_r_n16_B0_s5105,54,FSSQL-R,n16/B0,5105,364,15,26,195,0.9604221635883905,0.9333333333333333,0.9466840052015605,0.07142857142857142,349.0,0.5816666666666667,3.673422004794702,3.7800709818839096,5.349857463152147,6.639207014814019,3.715647706994787,3.7800709818839096,5.349857463152147,0.28029823273148696,3,0.005,0.0,0,0,4.0,36.150619999999996,37.485,3.120046244512,3.120046244512,187.2265377229298,0.05200737158970272,0.31204422953821637,312.04422953821637,0.514358620117939,"{""fisvdd_revision"": 1, ""oi_svdd_as_elm_revision"": 1, ""tinydl_revision"": 598}"
pi4b8_formal_55_safe_greedy_n16_B0_s5105,pi4b8_formal_55_safe_greedy_n16_B0_s5105,55,Safe-Greedy,n16/B0,5105,390,210,0,0,0.65,1.0,0.787878787878788,1.0,180.0,0.3,3.7774755037389696,3.9868628999101925,5.419815399509389,9.519993996946141,3.843312300693166,3.9868628999101925,5.419815399509389,0.42057042325419997,0,0.0,0.0,0,0,4.0,36.113283333333335,37.972,2.984909612208,2.984909612208,179.10380209411636,0.04975105613725454,0.2985063368235273,298.5063368235273,0.45924051819004197,"{""fisvdd_revision"": 600}"
pi4b8_formal_56_threshold_n16_B0_s5105,pi4b8_formal_56_threshold_n16_B0_s5105,56,Threshold,n16/B0,5105,364,15,26,195,0.9604221635883905,0.9333333333333333,0.9466840052015605,0.07142857142857142,349.0,0.5816666666666667,3.8880999927641824,5.386672585154884,7.346406209690026,9.582658996805549,4.171905096397192,5.386672585154884,7.346406209690026,0.30177473798782256,4,0.006666666666666667,0.0,0,0,4.0,37.542628333333326,40.894,3.1722166012320003,3.1722166012320003,190.35601500039292,0.052876670833442475,0.31726002500065487,317.2600250006549,0.5229560851659146,"{""lucid_revision"": 2, ""tinydl_revision"": 598}"
pi4b8_formal_57_static_light_n16_B2_s5105,pi4b8_formal_57_static_light_n16_B2_s5105,57,Static-Light,n16/B2,5105,396,35,13,156,0.9187935034802784,0.9682151589242054,0.9428571428571428,0.18324607329842932,361.0,0.6016666666666667,4.134642498684116,4.734206097782589,6.093813161714934,7.45927999378182,4.220433533094668,4.734206097782589,6.093813161714934,0.6259751931065693,0,0.0,0.0,0,0,4.0,36.86245166666667,38.459,2.7811716566560003,2.7811716566560003,166.89393078408938,0.046359425217802605,0.2781565513068156,278.15655130681563,0.4214493201618419,"{""lucid_revision"": 600}"
pi4b8_formal_58_threshold_n16_B1_s5105,pi4b8_formal_58_threshold_n16_B1_s5105,58,Threshold,n16/B1,5105,380,23,24,173,0.9429280397022333,0.9405940594059405,0.9417596034696407,0.11734693877551021,357.0,0.595,3.773352495045401,5.006536973814945,6.536500939982942,9.271212009480223,3.9189254188871323,5.006536973814945,6.536500939982942,0.2893914665522364,2,0.0033333333333333335,0.0,0,0,4.0,36.972838333333335,41.381,3.119819557008,3.119819557008,187.20662374119482,0.052001839928109674,0.31201103956865806,312.011039568658,0.4926490098452495,"{""lucid_revision"": 1, ""tinydl_revision"": 599}"
pi4b8_formal_59_safe_greedy_n16_B2_s5105,pi4b8_formal_59_safe_greedy_n16_B2_s5105,59,Safe-Greedy,n16/B2,5105,409,191,0,0,0.6816666666666666,1.0,0.8107036669970268,1.0,218.0,0.36333333333333334,3.794278498389758,3.8933371368329968,4.983537481748497,5.567017011344433,3.8297387291580285,3.8933371368329968,4.983537481748497,0.4221478682787468,0,0.0,0.0,0,0,4.0,36.32756333333334,38.459,2.974194299964,2.974194299964,178.46015291836702,0.04957226469954639,0.29743358819727833,297.43358819727837,0.43633289222094623,"{""fisvdd_revision"": 600}"
pi4b8_formal_60_fssql_r_n16_B1_s5105,pi4b8_formal_60_fssql_r_n16_B1_s5105,60,FSSQL-R,n16/B1,5105,380,25,24,171,0.9382716049382716,0.9405940594059405,0.9394313967861556,0.12755102040816327,355.0,0.5916666666666667,3.685613497509621,3.8154435023898254,5.099481145152822,6.213062006281689,3.7274016437489386,3.8154435023898254,5.099481145152822,0.2806217516384398,11,0.018333333333333333,0.0,0,0,4.0,36.12708166666667,37.972,2.72652409404,2.72652409404,163.6680156409796,0.04546333767804989,0.2727800260682993,272.7800260682993,0.4307053043183674,"{""fisvdd_revision"": 5, ""oi_svdd_as_elm_revision"": 1, ""tinydl_revision"": 594}"
