run_id,device_id,protocol_version,round,split,formal,block_index,window_in_block,obs_id,wall_start_utc,mono_start_ns,action,workload_bin,n_records,background,background_duty,T_start_C,T_end_C,cpu_freq_start_min_mhz,cpu_freq_start_max_mhz,cpu_freq_end_min_mhz,cpu_freq_end_max_mhz,telemetry_ms,feature_ms,risk_ms,inference_ms,controller_basic_ms,end_to_end_ms,window_elapsed_ms,deadline_overrun_ms,mean_risk,mean_action_probability,valid
pi3bplus_v2_preflight_20260909T123046Z,pi3bplus,2,0,fit,false,0,0,0,2026-09-09T12:30:54Z,7931083470282,lucid_revision,n1024,1024,B2,1.0,31.096,31.634,1400.000,1400.000,1400.000,1400.000,2.659612,84.087626,2.956848,685.996406,0.292550,780.619874,782.399025,680.619874,0.698750180,0.613396431,1
pi3bplus_v2_preflight_20260909T123046Z,pi3bplus,2,0,fit,false,0,1,1,2026-09-09T12:30:55Z,7931867815175,lucid_revision,n1024,1024,B2,1.0,32.172,32.172,1400.000,1400.000,1400.000,1400.000,1.848369,67.164081,2.087429,607.212119,0.191404,681.625144,683.429034,581.625144,0.687106625,0.605109745,1
pi3bplus_v2_preflight_20260909T123046Z,pi3bplus,2,0,fit,false,0,2,2,2026-09-09T12:30:55Z,7932553228879,lucid_revision,n1024,1024,B2,1.0,32.710,33.248,1400.000,1400.000,1400.000,1400.000,1.711287,68.241936,1.885399,632.082989,0.191404,707.307777,709.124636,607.307777,0.699075684,0.618255143,1
pi3bplus_v2_preflight_20260909T123046Z,pi3bplus,2,0,fit,false,0,3,3,2026-09-09T12:30:56Z,7933264326882,lucid_revision,n1024,1024,B2,1.0,32.710,32.710,1400.000,1400.000,1400.000,1400.000,1.719985,70.351343,1.904775,638.768813,0.185727,716.143584,717.929245,616.143584,0.672197777,0.583397153,1
pi3bplus_v2_preflight_20260909T123046Z,pi3bplus,2,0,fit,false,0,4,4,2026-09-09T12:30:57Z,7933984208505,lucid_revision,n1024,1024,B2,1.0,33.786,33.786,1400.000,1400.000,1400.000,1400.000,1.749672,69.376353,1.951805,634.642393,0.185363,711.513938,713.427619,611.513938,0.664791099,0.572223149,1
pi3bplus_v2_preflight_20260909T123046Z,pi3bplus,2,0,fit,false,0,5,5,2026-09-09T12:30:57Z,7934699650950,lucid_revision,n1024,1024,B2,1.0,34.324,34.324,1400.000,1400.000,1400.000,1400.000,1.849410,68.859118,1.863317,635.514313,0.196665,711.461804,713.370484,611.461804,0.688289258,0.599393508,1
pi3bplus_v2_preflight_20260909T123046Z,pi3bplus,2,0,fit,false,0,6,6,2026-09-09T12:30:58Z,7935414999073,lucid_revision,n1024,1024,B2,1.0,33.786,34.324,1400.000,1400.000,1400.000,1400.000,1.801286,67.638243,1.886962,638.396214,0.270935,713.111008,714.906981,613.111008,0.693112617,0.606397251,1
pi3bplus_v2_preflight_20260909T123046Z,pi3bplus,2,0,fit,false,0,7,7,2026-09-09T12:30:59Z,7936131876089,lucid_revision,n1024,1024,B2,1.0,33.786,34.324,1400.000,1400.000,1400.000,1400.000,1.795140,67.184653,1.896389,637.770751,0.184842,711.959977,713.864387,611.959977,0.693412918,0.611869488,1
pi3bplus_v2_preflight_20260909T123046Z,pi3bplus,2,0,fit,false,0,8,8,2026-09-09T12:31:00Z,7936847718375,lucid_revision,n1024,1024,B2,1.0,34.324,34.324,1400.000,1400.000,1400.000,1400.000,1.788734,68.069646,1.845244,634.357971,0.192342,709.437240,711.236078,609.437240,0.693686722,0.611511452,1
pi3bplus_v2_preflight_20260909T123046Z,pi3bplus,2,0,fit,false,0,9,9,2026-09-09T12:31:00Z,7937560937248,lucid_revision,n1024,1024,B2,1.0,34.862,34.324,1400.000,1400.000,1400.000,1400.000,1.720245,67.164394,1.805400,635.601084,0.188592,709.667916,711.584825,609.667916,0.667116642,0.580330359,1
pi3bplus_v2_preflight_20260909T123046Z,pi3bplus,2,0,fit,false,0,10,10,2026-09-09T12:31:01Z,7938274459191,lucid_revision,n1024,1024,B2,1.0,34.324,34.324,1400.000,1400.000,1400.000,1400.000,1.783890,67.675795,1.868420,638.142937,0.184529,712.843201,714.768600,612.843201,0.673156978,0.578404207,1
pi3bplus_v2_preflight_20260909T123046Z,pi3bplus,2,0,fit,false,0,11,11,2026-09-09T12:31:02Z,7938991157513,lucid_revision,n1024,1024,B2,1.0,34.324,34.862,1400.000,1400.000,1400.000,1400.000,1.799046,68.097875,1.921077,634.174588,0.195727,709.338909,711.128789,609.338909,0.681452371,0.596843668,1
pi3bplus_v2_preflight_20260909T123046Z,pi3bplus,2,0,fit,false,0,12,12,2026-09-09T12:31:02Z,7939704313576,lucid_revision,n1024,1024,B2,1.0,34.324,34.324,1400.000,1400.000,1400.000,1400.000,1.738214,67.741263,1.847483,635.060518,0.189322,709.805051,711.631128,609.805051,0.698215238,0.609759932,1
pi3bplus_v2_preflight_20260909T123046Z,pi3bplus,2,0,fit,false,0,13,13,2026-09-09T12:31:03Z,7940418055988,lucid_revision,n1024,1024,B2,1.0,34.324,35.400,1400.000,1400.000,1400.000,1400.000,1.723318,67.178092,1.849254,635.201871,0.189738,709.317296,711.217435,609.317296,0.695970151,0.613113257,1
pi3bplus_v2_preflight_20260909T123046Z,pi3bplus,2,0,fit,false,0,14,14,2026-09-09T12:31:04Z,7941131247103,lucid_revision,n1024,1024,B2,1.0,34.862,34.862,1400.000,1400.000,1400.000,1400.000,1.801390,68.196832,1.863838,639.460948,0.185623,714.682248,716.487075,614.682248,0.683359258,0.600121336,1
pi3bplus_v2_preflight_20260909T123046Z,pi3bplus,2,0,fit,false,0,15,15,2026-09-09T12:31:05Z,7941849784889,lucid_revision,n1024,1024,B2,1.0,35.400,35.400,1400.000,1400.000,1400.000,1400.000,1.738213,67.157519,1.833629,635.407339,0.190675,709.534899,711.474986,609.534899,0.670738758,0.583284406,1
pi3bplus_v2_preflight_20260909T123046Z,pi3bplus,2,0,fit,false,0,16,16,2026-09-09T12:31:05Z,7942563190535,lucid_revision,n1024,1024,B2,1.0,34.862,35.400,1400.000,1400.000,1400.000,1400.000,1.802692,67.733504,1.904306,638.191221,0.279945,713.086378,714.880789,613.086378,0.675246263,0.582045098,1
pi3bplus_v2_preflight_20260909T123046Z,pi3bplus,2,0,fit,false,0,17,17,2026-09-09T12:31:06Z,7943279990057,lucid_revision,n1024,1024,B2,1.0,35.400,34.862,1400.000,1400.000,1400.000,1400.000,1.738317,67.079915,1.882170,636.812223,0.186092,710.873273,712.780808,610.873273,0.685304980,0.601260597,1
pi3bplus_v2_preflight_20260909T123046Z,pi3bplus,2,0,fit,false,0,18,18,2026-09-09T12:31:07Z,7943994698139,lucid_revision,n1024,1024,B2,1.0,35.400,35.400,1400.000,1400.000,1400.000,1400.000,1.780349,68.245739,1.911077,639.673083,0.188592,714.947300,716.750565,614.947300,0.691083984,0.602660347,1
pi3bplus_v2_preflight_20260909T123046Z,pi3bplus,2,0,fit,false,0,19,19,2026-09-09T12:31:07Z,7944713485040,lucid_revision,n1024,1024,B2,1.0,35.400,35.400,1400.000,1400.000,1400.000,1400.000,1.725922,67.221060,1.860973,636.618476,0.194425,710.839108,712.632634,610.839108,0.704278163,0.624229679,1
pi3bplus_v2_preflight_20260909T123046Z,pi3bplus,2,0,fit,false,0,20,20,2026-09-09T12:31:08Z,7945428172812,lucid_revision,n1024,1024,B2,1.0,35.400,35.938,1400.000,1400.000,1400.000,1400.000,1.755558,67.873606,1.876442,639.716678,0.186457,714.618293,716.507495,614.618293,0.678050130,0.592134599,1
pi3bplus_v2_preflight_20260909T123046Z,pi3bplus,2,0,fit,false,0,21,21,2026-09-09T12:31:09Z,7946146657320,lucid_revision,n1024,1024,B2,1.0,35.400,35.400,1400.000,1400.000,1400.000,1400.000,1.780818,67.525380,1.886598,637.528260,0.185884,712.027901,713.936009,612.027901,0.673493845,0.584327159,1
pi3bplus_v2_preflight_20260909T123046Z,pi3bplus,2,0,fit,false,0,22,22,2026-09-09T12:31:10Z,7946862570394,lucid_revision,n1024,1024,B2,1.0,35.400,35.938,1400.000,1400.000,1400.000,1400.000,1.790452,67.632984,1.901077,639.512721,0.189217,714.165955,715.951564,614.165955,0.677883589,0.584640928,1
pi3bplus_v2_preflight_20260909T123046Z,pi3bplus,2,0,fit,false,0,23,23,2026-09-09T12:31:10Z,7947580494492,lucid_revision,n1024,1024,B2,1.0,35.400,35.938,1400.000,1400.000,1400.000,1400.000,1.732640,67.245071,1.839463,636.987224,0.188487,711.178118,713.110392,611.178118,0.691078168,0.607490521,1
pi3bplus_v2_preflight_20260909T123046Z,pi3bplus,2,0,fit,false,0,24,24,2026-09-09T12:31:11Z,7948295532523,lucid_revision,n1024,1024,B2,1.0,35.938,36.476,1400.000,1400.000,1400.000,1400.000,1.799255,68.193656,1.858421,638.497003,0.186092,713.703564,715.497350,613.703564,0.687545311,0.600964833,1
pi3bplus_v2_preflight_20260909T123046Z,pi3bplus,2,0,fit,false,0,25,25,2026-09-09T12:31:12Z,7949013019386,lucid_revision,n1024,1024,B2,1.0,35.938,35.938,1400.000,1400.000,1400.000,1400.000,1.728787,67.100541,1.836389,635.292085,0.192134,709.394541,711.268326,609.394541,0.700324073,0.620387722,1
pi3bplus_v2_preflight_20260909T123046Z,pi3bplus,2,0,fit,false,0,26,26,2026-09-09T12:31:12Z,7949726274257,lucid_revision,n1024,1024,B2,1.0,35.400,36.476,1400.000,1400.000,1400.000,1400.000,1.760453,67.737567,1.903524,637.881176,0.196873,712.680814,714.598818,612.680814,0.680881016,0.594093890,1
pi3bplus_v2_preflight_20260909T123046Z,pi3bplus,2,0,fit,false,0,27,27,2026-09-09T12:31:13Z,7950442934879,lucid_revision,n1024,1024,B2,1.0,36.476,35.938,1400.000,1400.000,1400.000,1400.000,1.823317,67.399079,1.915399,637.884458,0.187550,712.387848,714.287623,612.387848,0.667183403,0.576834668,1
pi3bplus_v2_preflight_20260909T123046Z,pi3bplus,2,0,fit,false,0,28,28,2026-09-09T12:31:14Z,7951159192484,lucid_revision,n1024,1024,B2,1.0,36.476,36.476,1400.000,1400.000,1400.000,1400.000,1.819046,68.177093,1.853785,638.982104,0.197967,714.231322,716.006462,614.231322,0.681313282,0.588518783,1
pi3bplus_v2_preflight_20260909T123046Z,pi3bplus,2,0,fit,false,0,29,29,2026-09-09T12:31:15Z,7951877226480,lucid_revision,n1024,1024,B2,1.0,36.476,35.938,1400.000,1400.000,1400.000,1400.000,1.726911,68.379696,1.906441,636.339994,0.186040,711.724834,713.507318,611.724834,0.692321273,0.607129037,1
pi3bplus_v2_preflight_20260909T123046Z,pi3bplus,2,0,fit,false,0,30,30,2026-09-09T12:31:15Z,7952592716749,lucid_revision,n1024,1024,B2,1.0,35.400,36.476,1400.000,1400.000,1400.000,1400.000,1.727120,67.842826,1.848733,638.825596,0.194894,713.641433,715.505999,613.641433,0.685943965,0.600867187,1
pi3bplus_v2_preflight_20260909T123046Z,pi3bplus,2,0,fit,false,0,31,31,2026-09-09T12:31:16Z,7953310160387,lucid_revision,n1024,1024,B2,1.0,36.476,36.476,1400.000,1400.000,1400.000,1400.000,1.709776,67.118093,1.830557,636.305984,0.187081,710.359379,712.146186,610.359379,0.699828324,0.620524947,1
pi3bplus_v2_preflight_20260909T123046Z,pi3bplus,2,0,fit,false,0,32,32,2026-09-09T12:31:17Z,7954024274992,lucid_revision,n1024,1024,B2,1.0,36.476,36.476,1400.000,1400.000,1400.000,1400.000,1.720870,67.767827,1.839983,637.841856,0.193383,712.554048,714.337417,612.554048,0.678910907,0.591174213,1
pi3bplus_v2_preflight_20260909T123046Z,pi3bplus,2,0,fit,false,0,33,33,2026-09-09T12:31:17Z,7954740627443,lucid_revision,n1024,1024,B2,1.0,36.476,36.476,1400.000,1400.000,1400.000,1400.000,1.716182,67.577516,1.820348,635.040788,0.188905,709.564387,711.368746,609.564387,0.667022343,0.576768273,1
pi3bplus_v2_preflight_20260909T123046Z,pi3bplus,2,0,fit,false,0,34,34,2026-09-09T12:31:18Z,7955454038254,lucid_revision,n1024,1024,B2,1.0,36.476,36.476,1400.000,1400.000,1400.000,1400.000,1.722588,68.071314,1.886077,635.015424,0.187915,710.285944,713.027325,610.285944,0.679770882,0.588503654,1
pi3bplus_v2_preflight_20260909T123046Z,pi3bplus,2,0,fit,false,0,35,35,2026-09-09T12:31:19Z,7956171884963,lucid_revision,n1024,1024,B2,1.0,36.476,36.476,1400.000,1400.000,1400.000,1400.000,1.821806,67.309341,1.880869,637.425559,0.185051,711.790409,713.744298,611.790409,0.700904082,0.614422948,1
pi3bplus_v2_preflight_20260909T123046Z,pi3bplus,2,0,fit,false,0,36,36,2026-09-09T12:31:20Z,7956887606170,lucid_revision,n1024,1024,B2,1.0,36.476,36.476,1400.000,1400.000,1400.000,1400.000,1.768213,68.193396,1.875191,639.181481,0.194894,714.419450,716.225527,614.419450,0.690409751,0.606819499,1
pi3bplus_v2_preflight_20260909T123046Z,pi3bplus,2,0,fit,false,0,37,37,2026-09-09T12:31:20Z,7957605852095,lucid_revision,n1024,1024,B2,1.0,36.476,36.476,1400.000,1400.000,1400.000,1400.000,1.728057,67.589704,1.867431,635.608440,0.188227,710.224696,712.037961,610.224696,0.689483868,0.611485007,1
pi3bplus_v2_preflight_20260909T123046Z,pi3bplus,2,0,fit,false,0,38,38,2026-09-09T12:31:21Z,7958319816028,lucid_revision,n1024,1024,B2,1.0,37.014,36.476,1400.000,1400.000,1400.000,1400.000,1.788890,68.614434,1.841181,639.088201,0.194581,714.712729,716.630108,614.712729,0.681393499,0.592943862,1
pi3bplus_v2_preflight_20260909T123046Z,pi3bplus,2,0,fit,false,0,39,39,2026-09-09T12:31:22Z,7959038387837,lucid_revision,n1024,1024,B2,1.0,37.014,37.014,1400.000,1400.000,1400.000,1400.000,1.774932,67.344602,1.896754,637.323218,0.195311,711.715152,713.516229,611.715152,0.660781450,0.567698026,1
pi3bplus_v2_preflight_20260909T123046Z,pi3bplus,2,0,fit,false,0,40,40,2026-09-09T12:31:22Z,7959753947642,lucid_revision,n1024,1024,B2,1.0,36.476,36.476,1400.000,1400.000,1400.000,1400.000,1.722120,67.767410,1.876338,638.934714,0.195676,713.681905,715.630534,613.681905,0.684639272,0.594678249,1
pi3bplus_v2_preflight_20260909T123046Z,pi3bplus,2,0,fit,false,0,41,41,2026-09-09T12:31:23Z,7960471598678,lucid_revision,n1024,1024,B2,1.0,36.476,36.476,1400.000,1400.000,1400.000,1400.000,1.789620,67.235905,1.908941,637.897224,0.188123,712.182128,716.155165,612.182128,0.700455241,0.615058452,1
pi3bplus_v2_preflight_20260909T123046Z,pi3bplus,2,0,fit,false,0,42,42,2026-09-09T12:31:24Z,7961189923095,lucid_revision,n1024,1024,B2,1.0,37.014,37.014,1400.000,1400.000,1400.000,1400.000,1.932847,68.672663,1.908212,637.304313,0.187342,713.169828,715.120018,613.169828,0.684705779,0.602816026,1
pi3bplus_v2_preflight_20260909T123046Z,pi3bplus,2,0,fit,false,0,43,43,2026-09-09T12:31:25Z,7961907032470,lucid_revision,n1024,1024,B2,1.0,36.476,36.476,1400.000,1400.000,1400.000,1400.000,1.793057,67.479237,1.886806,634.622776,0.307602,709.253614,711.038702,609.253614,0.698041711,0.617148673,1
pi3bplus_v2_preflight_20260909T123046Z,pi3bplus,2,0,fit,false,0,44,44,2026-09-09T12:31:25Z,7962620072144,lucid_revision,n1024,1024,B2,1.0,36.476,36.476,1400.000,1400.000,1400.000,1400.000,1.732172,68.078502,1.832431,639.576377,0.188384,714.624295,716.536777,614.624295,0.675406985,0.586457960,1
pi3bplus_v2_preflight_20260909T123046Z,pi3bplus,2,0,fit,false,0,45,45,2026-09-09T12:31:26Z,7963338547914,lucid_revision,n1024,1024,B2,1.0,36.476,36.476,1400.000,1400.000,1400.000,1400.000,1.791443,67.004813,1.892796,635.876775,0.189373,709.949442,711.736457,609.949442,0.666748194,0.574732892,1
pi3bplus_v2_preflight_20260909T123046Z,pi3bplus,2,0,fit,false,0,46,46,2026-09-09T12:31:27Z,7964052262322,lucid_revision,n1024,1024,B2,1.0,37.014,36.476,1400.000,1400.000,1400.000,1400.000,1.729255,67.693453,1.858160,637.252493,0.271924,711.996038,713.786699,611.996038,0.684059450,0.594618069,1
pi3bplus_v2_preflight_20260909T123046Z,pi3bplus,2,0,fit,false,0,47,47,2026-09-09T12:31:27Z,7964768065826,lucid_revision,n1024,1024,B2,1.0,37.014,37.014,1400.000,1400.000,1400.000,1400.000,1.730297,67.902982,1.842379,634.505017,0.187082,709.361479,711.165682,609.361479,0.693776054,0.607811838,1
pi3bplus_v2_preflight_20260909T123046Z,pi3bplus,2,0,fit,false,0,48,48,2026-09-09T12:31:28Z,7965481248104,lucid_revision,n1024,1024,B2,1.0,37.014,37.014,1400.000,1400.000,1400.000,1400.000,1.724568,67.872983,1.844567,637.845770,0.182029,712.681867,714.484507,612.681867,0.692640906,0.610045567,1
pi3bplus_v2_preflight_20260909T123046Z,pi3bplus,2,0,fit,false,0,49,49,2026-09-09T12:31:29Z,7966197834727,lucid_revision,n1024,1024,B2,1.0,37.014,37.552,1400.000,1400.000,1400.000,1400.000,1.750089,69.221043,1.907378,634.863921,0.181508,711.072767,712.864053,611.072767,0.696548972,0.614613148,1
pi3bplus_v2_preflight_20260909T123046Z,pi3bplus,2,0,fit,false,0,50,50,2026-09-09T12:31:30Z,7966912738449,lucid_revision,n1024,1024,B2,1.0,37.014,37.014,1400.000,1400.000,1400.000,1400.000,1.734881,68.095117,1.821338,638.257745,0.184530,713.316862,715.122679,613.316862,0.668161637,0.581074029,1
pi3bplus_v2_preflight_20260909T123046Z,pi3bplus,2,0,fit,false,0,51,51,2026-09-09T12:31:30Z,7967629866266,lucid_revision,n1024,1024,B2,1.0,37.552,37.552,1400.000,1400.000,1400.000,1400.000,1.715818,67.795066,1.875921,634.495540,0.188332,709.251118,711.161673,609.251118,0.668760478,0.574454247,1
pi3bplus_v2_preflight_20260909T123046Z,pi3bplus,2,0,fit,false,0,52,52,2026-09-09T12:31:31Z,7968342962505,lucid_revision,n1024,1024,B2,1.0,37.014,37.014,1400.000,1400.000,1400.000,1400.000,1.791442,67.751057,1.916806,635.518448,0.186144,710.293088,712.096978,610.293088,0.685180727,0.599262400,1
pi3bplus_v2_preflight_20260909T123046Z,pi3bplus,2,0,fit,false,0,53,53,2026-09-09T12:31:32Z,7969057056965,lucid_revision,n1024,1024,B2,1.0,37.014,37.552,1400.000,1400.000,1400.000,1400.000,1.739880,67.285436,1.836338,638.213633,0.188175,712.435309,714.231907,612.435309,0.695278013,0.607795714,1
pi3bplus_v2_preflight_20260909T123046Z,pi3bplus,2,0,fit,false,0,54,54,2026-09-09T12:31:32Z,7969773316979,lucid_revision,n1024,1024,B2,1.0,37.552,37.014,1400.000,1400.000,1400.000,1400.000,1.729360,67.938035,1.862744,637.669159,0.187655,712.561089,714.356021,612.561089,0.695158740,0.612571584,1
pi3bplus_v2_preflight_20260909T123046Z,pi3bplus,2,0,fit,false,0,55,55,2026-09-09T12:31:33Z,7970489752617,lucid_revision,n1024,1024,B2,1.0,37.014,38.090,1400.000,1400.000,1400.000,1400.000,1.725089,67.407622,1.859566,635.613188,0.185832,709.968612,711.878699,609.968612,0.686945013,0.603632812,1
pi3bplus_v2_preflight_20260909T123046Z,pi3bplus,2,0,fit,false,0,56,56,2026-09-09T12:31:34Z,7971203600257,lucid_revision,n1024,1024,B2,1.0,37.552,38.090,1400.000,1400.000,1400.000,1400.000,1.836807,68.153606,2.673518,638.097073,0.187498,714.128107,715.918352,614.128107,0.668146703,0.581113902,1
pi3bplus_v2_preflight_20260909T123046Z,pi3bplus,2,0,fit,false,0,57,57,2026-09-09T12:31:35Z,7971921551351,lucid_revision,n1024,1024,B2,1.0,38.090,37.552,1400.000,1400.000,1400.000,1400.000,1.724620,67.740953,1.859567,634.955174,0.189581,709.630544,711.551568,609.630544,0.677385454,0.584338403,1
pi3bplus_v2_preflight_20260909T123046Z,pi3bplus,2,0,fit,false,0,58,58,2026-09-09T12:31:35Z,7972635033475,lucid_revision,n1024,1024,B2,1.0,37.552,37.552,1400.000,1400.000,1400.000,1400.000,1.883317,68.108762,1.886806,637.305674,0.194998,712.498800,714.430501,612.498800,0.682186904,0.597877379,1
pi3bplus_v2_preflight_20260909T123046Z,pi3bplus,2,0,fit,false,0,59,59,2026-09-09T12:31:36Z,7973351386771,lucid_revision,n1024,1024,B2,1.0,37.552,38.628,1400.000,1400.000,1400.000,1400.000,1.803994,67.256843,1.943159,637.373226,0.190102,711.704381,713.625822,611.704381,0.690900725,0.602027023,1
pi3bplus_v2_preflight_20260909T123046Z,pi3bplus,2,0,fit,false,0,60,60,2026-09-09T12:31:37Z,7974066950909,lucid_revision,n1024,1024,B2,1.0,37.552,38.090,1400.000,1400.000,1400.000,1400.000,1.787848,68.360739,1.861598,637.616557,0.189217,712.991661,715.313411,612.991661,0.704458386,0.624179903,1
pi3bplus_v2_preflight_20260909T123046Z,pi3bplus,2,0,fit,false,0,61,61,2026-09-09T12:31:37Z,7974784292479,lucid_revision,n1024,1024,B2,1.0,37.552,38.090,1400.000,1400.000,1400.000,1400.000,1.724151,67.377050,1.862483,633.757947,0.193227,708.182017,709.987365,608.182017,0.677777280,0.592225318,1
pi3bplus_v2_preflight_20260909T123046Z,pi3bplus,2,0,fit,false,0,62,62,2026-09-09T12:31:38Z,7975496294305,lucid_revision,n1024,1024,B2,1.0,38.090,37.552,1400.000,1400.000,1400.000,1400.000,1.735766,67.931681,1.813681,637.667548,0.186145,712.537656,714.332015,612.537656,0.677057858,0.587624875,1
pi3bplus_v2_preflight_20260909T123046Z,pi3bplus,2,0,fit,false,0,63,63,2026-09-09T12:31:39Z,7976212643489,lucid_revision,n1024,1024,B2,1.0,37.552,38.090,1400.000,1400.000,1400.000,1400.000,1.728318,67.232573,1.865347,634.650804,0.185883,708.832950,710.618194,608.832950,0.676492760,0.583531055,1
pi3bplus_v2_preflight_20260909T123046Z,pi3bplus,2,0,fit,false,0,64,64,2026-09-09T12:31:40Z,7976925309998,lucid_revision,n1024,1024,B2,1.0,37.014,37.552,1400.000,1400.000,1400.000,1400.000,1.757276,68.175221,1.905503,638.021712,0.187655,713.236192,715.168258,613.236192,0.693446733,0.609428251,1
pi3bplus_v2_preflight_20260909T123046Z,pi3bplus,2,0,fit,false,0,65,65,2026-09-09T12:31:40Z,7977642418395,lucid_revision,n1024,1024,B2,1.0,38.090,37.552,1400.000,1400.000,1400.000,1400.000,1.759411,67.639860,1.882015,634.275548,0.187915,708.893992,710.825381,608.893992,0.684855360,0.598910495,1
pi3bplus_v2_preflight_20260909T123046Z,pi3bplus,2,0,fit,false,0,66,66,2026-09-09T12:31:41Z,7978355170582,lucid_revision,n1024,1024,B2,1.0,38.090,37.552,1400.000,1400.000,1400.000,1400.000,1.782692,68.126366,1.902431,640.046746,0.181717,715.172373,717.024023,615.172373,0.699473660,0.619380418,1
pi3bplus_v2_preflight_20260909T123046Z,pi3bplus,2,0,fit,false,0,67,67,2026-09-09T12:31:42Z,7979074132244,lucid_revision,n1024,1024,B2,1.0,37.552,37.552,1400.000,1400.000,1400.000,1400.000,1.713161,67.191011,1.831859,634.516693,0.189113,708.614099,710.518666,608.614099,0.681809737,0.594864501,1
pi3bplus_v2_preflight_20260909T123046Z,pi3bplus,2,0,fit,false,0,68,68,2026-09-09T12:31:42Z,7979786628079,lucid_revision,n1024,1024,B2,1.0,38.090,38.090,1400.000,1400.000,1400.000,1400.000,1.772380,67.890744,1.929930,638.416867,0.188436,713.340464,715.224406,613.340464,0.666186954,0.576222654,1
pi3bplus_v2_preflight_20260909T123046Z,pi3bplus,2,0,fit,false,0,69,69,2026-09-09T12:31:43Z,7980503869550,lucid_revision,n1024,1024,B2,1.0,38.090,37.552,1400.000,1400.000,1400.000,1400.000,1.782119,67.764287,1.869150,634.579974,0.183644,709.354667,711.157515,609.354667,0.683748451,0.590473577,1
pi3bplus_v2_preflight_20260909T123046Z,pi3bplus,2,0,fit,false,0,70,70,2026-09-09T12:31:44Z,7981217074442,lucid_revision,n1024,1024,B2,1.0,37.552,38.090,1400.000,1400.000,1400.000,1400.000,1.737745,67.842985,1.831129,634.961013,0.194061,709.745810,711.646678,609.745810,0.690527695,0.606085450,1
pi3bplus_v2_preflight_20260909T123046Z,pi3bplus,2,0,fit,false,0,71,71,2026-09-09T12:31:45Z,7981930698707,lucid_revision,n1024,1024,B2,1.0,38.628,38.090,1400.000,1400.000,1400.000,1400.000,1.791599,68.106106,1.909618,636.861986,0.188019,711.980790,713.880200,611.980790,0.687060054,0.601484464,1
pi3bplus_v2_preflight_20260909T123046Z,pi3bplus,2,0,fit,false,0,72,72,2026-09-09T12:31:45Z,7982646531597,lucid_revision,n1024,1024,B2,1.0,38.090,38.090,1400.000,1400.000,1400.000,1400.000,1.781182,67.850172,1.937795,639.855501,0.185571,714.763578,716.578666,614.763578,0.699311589,0.619528283,1
pi3bplus_v2_preflight_20260909T123046Z,pi3bplus,2,0,fit,false,0,73,73,2026-09-09T12:31:46Z,7983365091443,lucid_revision,n1024,1024,B2,1.0,38.090,38.628,1400.000,1400.000,1400.000,1400.000,1.730765,67.085544,1.842691,635.098513,0.185154,709.100817,710.905072,609.100817,0.677190276,0.590624750,1
pi3bplus_v2_preflight_20260909T123046Z,pi3bplus,2,0,fit,false,0,74,74,2026-09-09T12:31:47Z,7984077993788,lucid_revision,n1024,1024,B2,1.0,38.628,38.090,1400.000,1400.000,1400.000,1400.000,1.725609,68.144492,1.875452,637.066047,0.187655,712.165009,713.972284,612.165009,0.667599776,0.577157954,1
pi3bplus_v2_preflight_20260909T123046Z,pi3bplus,2,0,fit,false,0,75,75,2026-09-09T12:31:47Z,7984794008033,lucid_revision,n1024,1024,B2,1.0,38.090,38.090,1400.000,1400.000,1400.000,1400.000,1.724777,67.481737,1.841182,635.337417,0.187029,709.700552,711.642462,609.700552,0.680841921,0.588569709,1
pi3bplus_v2_preflight_20260909T123046Z,pi3bplus,2,0,fit,false,0,76,76,2026-09-09T12:31:48Z,7985507622612,lucid_revision,n1024,1024,B2,1.0,37.552,38.090,1400.000,1400.000,1400.000,1400.000,1.784411,67.906057,1.827848,636.077828,0.185676,710.979499,712.891253,610.979499,0.700401368,0.614254816,1
pi3bplus_v2_preflight_20260909T123046Z,pi3bplus,2,0,fit,false,0,77,77,2026-09-09T12:31:49Z,7986222486764,lucid_revision,n1024,1024,B2,1.0,38.090,37.552,1400.000,1400.000,1400.000,1400.000,1.787067,67.234865,1.884775,636.010225,0.186509,710.322214,712.144958,610.322214,0.689046346,0.605676339,1
pi3bplus_v2_preflight_20260909T123046Z,pi3bplus,2,0,fit,false,0,78,78,2026-09-09T12:31:50Z,7986936672277,lucid_revision,n1024,1024,B2,1.0,38.090,38.090,1400.000,1400.000,1400.000,1400.000,1.722485,68.665894,2.426228,637.278756,0.187707,713.682080,715.551802,613.682080,0.691026616,0.612392418,1
pi3bplus_v2_preflight_20260909T123046Z,pi3bplus,2,0,fit,false,0,79,79,2026-09-09T12:31:50Z,7987654196666,lucid_revision,n1024,1024,B2,1.0,38.090,38.090,1400.000,1400.000,1400.000,1400.000,1.791651,67.361166,1.883368,634.375501,0.168592,709.023268,712.381467,609.023268,0.680634369,0.591915087,1
pi3bplus_v2_preflight_20260909T123046Z,pi3bplus,2,0,fit,false,0,80,80,2026-09-09T12:31:51Z,7988369205036,lucid_revision,n1024,1024,B2,1.0,38.628,38.090,1400.000,1400.000,1400.000,1400.000,1.778057,67.860692,1.822588,636.248402,0.186821,711.187677,712.978233,611.187677,0.663849342,0.571886405,1
pi3bplus_v2_preflight_20260909T123046Z,pi3bplus,2,0,fit,false,0,81,81,2026-09-09T12:31:52Z,7989084148668,lucid_revision,n1024,1024,B2,1.0,37.552,37.552,1400.000,1400.000,1400.000,1400.000,1.726756,67.494238,1.860348,635.120234,0.182759,709.541442,711.336686,609.541442,0.681255685,0.591267368,1
pi3bplus_v2_preflight_20260909T123046Z,pi3bplus,2,0,fit,false,0,82,82,2026-09-09T12:31:52Z,7989797535544,lucid_revision,n1024,1024,B2,1.0,38.090,38.628,1400.000,1400.000,1400.000,1400.000,1.719724,67.767361,1.836286,636.708607,0.190935,711.410592,713.195680,611.410592,0.700394221,0.614587454,1
pi3bplus_v2_preflight_20260909T123046Z,pi3bplus,2,0,fit,false,0,83,83,2026-09-09T12:31:53Z,7990512756831,lucid_revision,n1024,1024,B2,1.0,37.552,37.552,1400.000,1400.000,1400.000,1400.000,1.724203,67.724965,1.843109,634.700760,0.188853,709.349673,711.143407,609.349673,0.686556487,0.604503845,1
pi3bplus_v2_preflight_20260909T123046Z,pi3bplus,2,0,fit,false,0,84,84,2026-09-09T12:31:54Z,7991225948553,lucid_revision,n1024,1024,B2,1.0,38.090,38.090,1400.000,1400.000,1400.000,1400.000,1.718266,68.027098,1.905817,637.469382,0.198280,712.525739,714.405514,612.525739,0.700319964,0.619342378,1
pi3bplus_v2_preflight_20260909T123046Z,pi3bplus,2,0,fit,false,0,85,85,2026-09-09T12:31:55Z,7991942429048,lucid_revision,n1024,1024,B2,1.0,37.552,38.628,1400.000,1400.000,1400.000,1400.000,2.534509,67.462727,1.924827,635.245027,0.191249,710.515445,712.301315,610.515445,0.674529900,0.585348195,1
pi3bplus_v2_preflight_20260909T123046Z,pi3bplus,2,0,fit,false,0,86,86,2026-09-09T12:31:55Z,7992656710501,lucid_revision,n1024,1024,B2,1.0,38.628,38.090,1400.000,1400.000,1400.000,1400.000,1.724047,67.813037,1.849827,638.403384,0.189373,713.177974,714.978374,613.177974,0.664081348,0.572106932,1
pi3bplus_v2_preflight_20260909T123046Z,pi3bplus,2,0,fit,false,0,87,87,2026-09-09T12:31:56Z,7993373799533,lucid_revision,n1024,1024,B2,1.0,38.628,38.090,1400.000,1400.000,1400.000,1400.000,1.738526,69.941091,1.861390,633.523585,0.198644,710.510603,712.295951,610.510603,0.684005176,0.595374563,1
pi3bplus_v2_preflight_20260909T123046Z,pi3bplus,2,0,fit,false,0,88,88,2026-09-09T12:31:57Z,7994088069633,lucid_revision,n1024,1024,B2,1.0,38.090,38.628,1400.000,1400.000,1400.000,1400.000,1.724203,67.880224,1.842952,635.226591,0.188644,710.073315,711.881267,610.073315,0.692992510,0.606626241,1
pi3bplus_v2_preflight_20260909T123046Z,pi3bplus,2,0,fit,false,0,89,89,2026-09-09T12:31:57Z,7994802001038,lucid_revision,n1024,1024,B2,1.0,38.090,38.628,1400.000,1400.000,1400.000,1400.000,1.716652,67.364031,1.836129,637.546987,0.184477,711.799290,713.602555,611.799290,0.692514538,0.610443072,1
pi3bplus_v2_preflight_20260909T123046Z,pi3bplus,2,0,fit,false,0,90,90,2026-09-09T12:31:58Z,7995517644981,lucid_revision,n1024,1024,B2,1.0,38.628,38.090,1400.000,1400.000,1400.000,1400.000,1.724880,67.788194,1.865608,635.434715,0.189061,710.233262,712.121943,610.233262,0.698567853,0.616074697,1
pi3bplus_v2_preflight_20260909T123046Z,pi3bplus,2,0,fit,false,0,91,91,2026-09-09T12:31:59Z,7996231748052,lucid_revision,n1024,1024,B2,1.0,37.552,38.090,1400.000,1400.000,1400.000,1400.000,1.797536,67.671111,1.842900,634.601702,0.201925,709.302229,711.560386,609.302229,0.667645024,0.580150652,1
pi3bplus_v2_preflight_20260909T123046Z,pi3bplus,2,0,fit,false,0,92,92,2026-09-09T12:32:00Z,7996945721437,lucid_revision,n1024,1024,B2,1.0,38.090,38.090,1400.000,1400.000,1400.000,1400.000,1.754880,68.346418,1.870556,636.033877,0.190363,711.428930,713.224591,611.428930,0.671447723,0.577814380,1
pi3bplus_v2_preflight_20260909T123046Z,pi3bplus,2,0,fit,false,0,93,93,2026-09-09T12:32:00Z,7997660945802,lucid_revision,n1024,1024,B2,1.0,38.628,38.628,1400.000,1400.000,1400.000,1400.000,1.731182,67.642466,1.847015,634.678837,0.187498,709.254210,711.112370,609.254210,0.684332390,0.598129626,1
pi3bplus_v2_preflight_20260909T123046Z,pi3bplus,2,0,fit,false,0,94,94,2026-09-09T12:32:01Z,7998374039561,lucid_revision,n1024,1024,B2,1.0,38.090,38.090,1400.000,1400.000,1400.000,1400.000,1.778682,67.936838,1.903108,637.212148,0.191456,712.242308,714.127552,612.242308,0.692627422,0.605349827,1
pi3bplus_v2_preflight_20260909T123046Z,pi3bplus,2,0,fit,false,0,95,95,2026-09-09T12:32:02Z,7999090121783,lucid_revision,n1024,1024,B2,1.0,37.552,38.090,1400.000,1400.000,1400.000,1400.000,1.717016,67.302261,1.857952,636.845954,0.188957,711.109767,712.909646,611.109767,0.693975972,0.611749193,1
pi3bplus_v2_preflight_20260909T123046Z,pi3bplus,2,0,fit,false,0,96,96,2026-09-09T12:32:02Z,7999805176254,lucid_revision,n1024,1024,B2,1.0,38.090,38.628,1400.000,1400.000,1400.000,1400.000,1.736026,68.374022,1.905504,636.926683,0.193540,712.295486,714.080939,612.295486,0.690943696,0.608214657,1
pi3bplus_v2_preflight_20260909T123046Z,pi3bplus,2,0,fit,false,0,97,97,2026-09-09T12:32:03Z,8000521278268,lucid_revision,n1024,1024,B2,1.0,38.628,38.090,1400.000,1400.000,1400.000,1400.000,1.739463,67.441947,1.808630,633.194478,0.186665,707.536519,709.375357,607.536519,0.666477452,0.579143534,1
pi3bplus_v2_preflight_20260909T123046Z,pi3bplus,2,0,fit,false,0,98,98,2026-09-09T12:32:04Z,8001232688971,lucid_revision,n1024,1024,B2,1.0,38.628,38.090,1400.000,1400.000,1400.000,1400.000,1.730454,67.884026,1.837067,637.101057,0.206821,712.007052,713.959431,612.007052,0.679227959,0.585149997,1
pi3bplus_v2_preflight_20260909T123046Z,pi3bplus,2,0,fit,false,0,99,99,2026-09-09T12:32:05Z,8001948687133,lucid_revision,n1024,1024,B2,1.0,38.628,39.166,1400.000,1400.000,1400.000,1400.000,1.736703,67.264188,1.852066,634.286708,0.192654,708.501251,710.323995,608.501251,0.677583964,0.594189069,1
pi3bplus_v2_preflight_20260909T123046Z,pi3bplus,2,0,fit,false,0,100,100,2026-09-09T12:32:05Z,8002660995016,lucid_revision,n1024,1024,B2,1.0,38.628,38.628,1400.000,1400.000,1400.000,1400.000,1.730870,67.790746,1.856963,636.791477,0.190207,711.550443,713.346989,611.550443,0.694533291,0.605631222,1
pi3bplus_v2_preflight_20260909T123046Z,pi3bplus,2,0,fit,false,0,101,101,2026-09-09T12:32:06Z,8003376326467,lucid_revision,n1024,1024,B2,1.0,38.628,38.628,1400.000,1400.000,1400.000,1400.000,1.729099,67.458562,1.841598,635.790029,0.186404,710.185611,712.099240,610.185611,0.703141905,0.622037404,1
pi3bplus_v2_preflight_20260909T123046Z,pi3bplus,2,0,fit,false,0,102,102,2026-09-09T12:32:07Z,8004090378346,lucid_revision,n1024,1024,B2,1.0,38.628,38.628,1400.000,1400.000,1400.000,1400.000,1.765192,68.031421,1.906597,637.584179,0.189061,712.635277,714.560885,612.635277,0.678642673,0.593545813,1
pi3bplus_v2_preflight_20260909T123046Z,pi3bplus,2,0,fit,false,0,103,103,2026-09-09T12:32:07Z,8004806911452,lucid_revision,n1024,1024,B2,1.0,38.628,38.628,1400.000,1400.000,1400.000,1400.000,1.793682,67.471270,1.847431,635.695447,0.194322,710.128582,711.922108,610.128582,0.676669543,0.587391836,1
pi3bplus_v2_preflight_20260909T123046Z,pi3bplus,2,0,fit,false,0,104,104,2026-09-09T12:32:08Z,8005520859114,lucid_revision,n1024,1024,B2,1.0,38.628,38.628,1400.000,1400.000,1400.000,1400.000,1.727120,67.863194,1.869462,639.623277,0.188644,714.463127,716.387120,614.463127,0.676805813,0.583837061,1
pi3bplus_v2_preflight_20260909T123046Z,pi3bplus,2,0,fit,false,0,105,105,2026-09-09T12:32:09Z,8006239215800,lucid_revision,n1024,1024,B2,1.0,38.628,38.628,1400.000,1400.000,1400.000,1400.000,1.802380,67.867204,1.892848,634.029837,0.257185,708.992238,710.781545,608.992238,0.692190745,0.608024562,1
pi3bplus_v2_preflight_20260909T123046Z,pi3bplus,2,0,fit,false,0,106,106,2026-09-09T12:32:10Z,8006951972588,lucid_revision,n1024,1024,B2,1.0,38.628,38.628,1400.000,1400.000,1400.000,1400.000,1.734463,68.161785,1.834775,635.508470,0.188071,710.678682,712.580852,610.678682,0.685461005,0.599483867,1
pi3bplus_v2_preflight_20260909T123046Z,pi3bplus,2,0,fit,false,0,107,107,2026-09-09T12:32:10Z,8007666493163,lucid_revision,n1024,1024,B2,1.0,38.628,38.090,1400.000,1400.000,1400.000,1400.000,1.784776,67.314761,2.000399,637.209133,0.179374,711.681277,713.490845,611.681277,0.697340513,0.616836982,1
pi3bplus_v2_preflight_20260909T123046Z,pi3bplus,2,0,fit,false,0,108,108,2026-09-09T12:32:11Z,8008381985760,lucid_revision,n1024,1024,B2,1.0,38.628,38.628,1400.000,1400.000,1400.000,1400.000,1.723839,67.972099,1.916441,636.562212,0.186717,711.525082,713.331264,611.525082,0.683359065,0.596743772,1
pi3bplus_v2_preflight_20260909T123046Z,pi3bplus,2,0,fit,false,0,109,109,2026-09-09T12:32:12Z,8009097316329,lucid_revision,n1024,1024,B2,1.0,38.628,38.628,1400.000,1400.000,1400.000,1400.000,1.735661,67.151326,1.851233,634.514626,0.185988,708.603181,710.399832,608.603181,0.665801805,0.576453689,1
pi3bplus_v2_preflight_20260909T123046Z,pi3bplus,2,0,fit,false,0,110,110,2026-09-09T12:32:12Z,8009809811871,lucid_revision,n1024,1024,B2,1.0,38.090,38.628,1400.000,1400.000,1400.000,1400.000,1.732172,68.205638,1.883993,639.329323,0.181197,714.753023,716.527017,614.753023,0.682584509,0.588656824,1
pi3bplus_v2_preflight_20260909T123046Z,pi3bplus,2,0,fit,false,0,111,111,2026-09-09T12:32:13Z,8010528373089,lucid_revision,n1024,1024,B2,1.0,39.166,38.628,1400.000,1400.000,1400.000,1400.000,1.736756,67.554915,1.824098,634.250463,0.182602,708.720368,710.514675,608.720368,0.690064470,0.605705183,1
pi3bplus_v2_preflight_20260909T123046Z,pi3bplus,2,0,fit,false,0,112,112,2026-09-09T12:32:14Z,8011240915037,lucid_revision,n1024,1024,B2,1.0,38.628,38.628,1400.000,1400.000,1400.000,1400.000,1.733683,67.949548,1.839202,636.447370,0.188488,711.402064,713.194340,611.402064,0.690697442,0.605227729,1
pi3bplus_v2_preflight_20260909T123046Z,pi3bplus,2,0,fit,false,0,113,113,2026-09-09T12:32:15Z,8011956126234,lucid_revision,n1024,1024,B2,1.0,38.628,39.166,1400.000,1400.000,1400.000,1400.000,1.729308,67.299814,1.893472,635.468473,0.184217,709.773849,711.559406,609.773849,0.697641519,0.617882861,1
pi3bplus_v2_preflight_20260909T123046Z,pi3bplus,2,0,fit,false,0,114,114,2026-09-09T12:32:15Z,8012670061140,lucid_revision,n1024,1024,B2,1.0,39.166,37.552,1400.000,1400.000,1400.000,1400.000,1.776807,68.343659,1.895764,1394.885005,0.336612,1470.640211,1474.553822,1370.640211,0.682287974,0.595586974,1
