policy,seed,window,epsilon,learning_rate,rolling_reward,rolling_utility,td_abs_mean,q_update_abs_mean,visited_states,visited_state_actions,greedy_policy_change_rate
Unshielded-Q,5101,100,0.979100000,0.500000000,0.492373553,0.589371750,0.892803191,0.282779389,13,39,0.007812500
Unshielded-Q,5101,200,0.957988889,0.138414549,0.576043303,0.673753052,0.825509632,0.164202828,14,43,0.001562500
Unshielded-Q,5101,300,0.936877778,0.500000000,0.416419183,0.512116163,0.661971760,0.110796076,14,45,0.006250000
Unshielded-Q,5101,400,0.915766667,0.311129489,0.458564656,0.555103979,0.691986131,0.166594581,25,80,0.012500000
Unshielded-Q,5101,500,0.894655556,0.160941640,0.378725975,0.478143149,0.816779230,0.196509589,28,90,0.010156250
Unshielded-Q,5101,600,0.873544444,0.122713300,0.509287071,0.606285832,0.774866689,0.158605158,28,95,0.005468750
Unshielded-Q,5101,700,0.852433333,0.065067757,0.453952531,0.550558683,0.717138134,0.140406991,29,101,0.009375000
Unshielded-Q,5101,800,0.831322222,0.065067757,0.467996844,0.567071919,0.687567842,0.112114859,31,103,0.007812500
Unshielded-Q,5101,900,0.810211111,0.051561219,0.450642899,0.551076115,0.664726009,0.112193097,31,106,0.008593750
Unshielded-Q,5101,1000,0.789100000,0.205268911,0.368156273,0.465386495,0.648373841,0.093228787,32,108,0.004687500
Unshielded-Q,5101,1100,0.767988889,0.058020477,0.476982371,0.573808961,0.587607939,0.082630989,32,111,0.003906250
Unshielded-Q,5101,1200,0.746877778,0.076209004,0.452324385,0.547250934,0.574170979,0.076671100,33,113,0.003906250
Unshielded-Q,5101,1300,0.725766667,0.044793607,0.482231040,0.579192547,0.546638732,0.064820385,33,113,0.001562500
Unshielded-Q,5101,1400,0.704655556,0.049669323,0.606313081,0.708963042,0.498490037,0.051943648,33,114,0.001562500
Unshielded-Q,5101,1500,0.683544444,0.064259443,0.524486260,0.625234789,0.502087434,0.048578629,33,115,0.000781250
Unshielded-Q,5101,1600,0.662433333,0.127403977,0.389273496,0.483055445,0.520536388,0.044003153,33,115,0.000000000
Unshielded-Q,5101,1700,0.641322222,0.141584591,0.590634670,0.683108279,0.498534299,0.034954810,33,115,0.001562500
Unshielded-Q,5101,1800,0.620211111,0.048886072,0.515188396,0.606024398,0.554854575,0.042901856,33,115,0.002343750
Unshielded-Q,5101,1900,0.599100000,0.039859966,0.467443506,0.568117179,0.509476278,0.035200520,33,115,0.001562500
Unshielded-Q,5101,2000,0.577988889,0.141584591,0.470149813,0.569856691,0.501855809,0.032295462,33,115,0.002343750
Unshielded-Q,5101,2100,0.556877778,0.030657269,0.494972610,0.595560833,0.532371756,0.044080467,33,117,0.002343750
Unshielded-Q,5101,2200,0.535766667,0.100541486,0.544023335,0.632617410,0.542721667,0.036583109,33,117,0.001562500
Unshielded-Q,5101,2300,0.514655556,0.031165421,0.462506208,0.552409803,0.548948141,0.040973006,33,117,0.002343750
Unshielded-Q,5101,2400,0.493544444,0.044793607,0.535615881,0.625523872,0.523881012,0.033588830,33,117,0.002343750
Unshielded-Q,5101,2500,0.472433333,0.077489880,0.525896854,0.626635821,0.467663504,0.027925952,33,117,0.002343750
Unshielded-Q,5101,2600,0.451322222,0.025254880,0.482757926,0.583311476,0.501219603,0.027584312,33,117,0.000781250
Unshielded-Q,5101,2700,0.430211111,0.036675989,0.489609930,0.587742271,0.488432844,0.025811413,33,117,0.000781250
Unshielded-Q,5101,2800,0.409100000,0.037037037,0.516172617,0.609236933,0.525515105,0.027179251,33,117,0.001562500
Unshielded-Q,5101,2900,0.387988889,0.051561219,0.500245704,0.592836982,0.512341239,0.024666628,33,117,0.001562500
Unshielded-Q,5101,3000,0.366877778,0.058948015,0.521051839,0.616832866,0.501709736,0.024449847,33,117,0.000781250
Unshielded-Q,5101,3100,0.345766667,0.017472242,0.473630926,0.575142200,0.508016926,0.025552072,33,117,0.000781250
Unshielded-Q,5101,3200,0.324655556,0.016871944,0.504595117,0.604129341,0.476912802,0.021195465,33,117,0.001562500
Unshielded-Q,5101,3300,0.303544444,0.023851170,0.515231332,0.615791084,0.481795735,0.028187452,33,118,0.000781250
Unshielded-Q,5101,3400,0.282433333,0.044492641,0.409038949,0.507750082,0.436293467,0.018760877,33,118,0.000000000
Unshielded-Q,5101,3500,0.261322222,0.016827161,0.474034825,0.564883302,0.413251356,0.019236615,33,118,0.002343750
Unshielded-Q,5101,3600,0.240211111,0.025454612,0.510863355,0.603926483,0.393831023,0.023452378,33,118,0.000781250
Unshielded-Q,5101,3700,0.219100000,0.014870896,0.519911913,0.621490990,0.368523234,0.016255355,33,118,0.000000000
Unshielded-Q,5101,3800,0.197988889,0.029552760,0.487072049,0.587285165,0.371476631,0.013905742,33,118,0.001562500
Unshielded-Q,5101,3900,0.176877778,0.036855334,0.470347512,0.569734746,0.386478590,0.013392660,33,118,0.001562500
Unshielded-Q,5101,4000,0.155766667,0.014642951,0.505317126,0.590056632,0.389285248,0.012187504,33,118,0.000781250
Unshielded-Q,5101,4100,0.134655556,0.025556070,0.512859116,0.600499638,0.435137052,0.014088120,33,118,0.000000000
Unshielded-Q,5101,4200,0.113544444,0.023879497,0.455866763,0.542645548,0.401100238,0.010989365,33,118,0.000781250
Unshielded-Q,5101,4300,0.092433333,0.014720496,0.511969174,0.611726693,0.395212236,0.012018909,33,118,0.000000000
Unshielded-Q,5101,4400,0.071322222,0.014299787,0.477026721,0.577879117,0.414592055,0.011403634,33,118,0.000781250
Unshielded-Q,5101,4500,0.050211111,0.047237944,0.520303014,0.620742989,0.371383739,0.009468851,33,118,0.000781250
Unshielded-Q,5101,4600,0.050000000,0.081705631,0.485050444,0.568981857,0.354856456,0.009390646,33,118,0.000000000
Unshielded-Q,5101,4700,0.050000000,0.028057412,0.517687797,0.601890364,0.365219897,0.008681710,33,118,0.000000000
Unshielded-Q,5101,4800,0.050000000,0.010752673,0.591928624,0.674689333,0.370962763,0.008384264,33,118,0.000781250
Unshielded-Q,5101,4900,0.050000000,0.011263103,0.469316172,0.569165285,0.355232839,0.007772055,33,118,0.000781250
Unshielded-Q,5101,5000,0.050000000,0.010946487,0.629742914,0.731890531,0.376070948,0.006594781,33,118,0.000781250
Unshielded-Q,5101,5100,0.050000000,0.010679001,0.506239526,0.608858298,0.347667331,0.007309333,33,118,0.000781250
Unshielded-Q,5101,5200,0.050000000,0.009504172,0.512162304,0.598736763,0.361038584,0.007548509,33,118,0.000000000
Unshielded-Q,5101,5300,0.050000000,0.024465549,0.505912358,0.595942070,0.373001812,0.007700174,33,118,0.000781250
Unshielded-Q,5101,5400,0.050000000,0.016032402,0.510777422,0.596370156,0.358549403,0.007170393,33,118,0.000781250
Unshielded-Q,5101,5500,0.050000000,0.009910390,0.548062416,0.649629073,0.360150688,0.007678501,33,118,0.000000000
Unshielded-Q,5101,5600,0.050000000,0.019174373,0.433399522,0.532044657,0.372505020,0.007690744,33,118,0.000000000
Unshielded-Q,5101,5700,0.050000000,0.014328778,0.558988706,0.660185990,0.391022153,0.007416488,33,118,0.000000000
Unshielded-Q,5101,5800,0.050000000,0.015754593,0.571061836,0.654793248,0.395695517,0.006377348,33,118,0.000000000
Unshielded-Q,5101,5900,0.050000000,0.039859966,0.491173005,0.576404036,0.369242299,0.006088090,33,118,0.000000000
Unshielded-Q,5101,6000,0.050000000,0.013923132,0.533601931,0.618987691,0.370237124,0.005571966,33,118,0.000000000
Unshielded-Q,5102,100,0.979100000,0.500000000,0.476505100,0.576422656,0.950040568,0.286209495,15,37,0.009375000
Unshielded-Q,5102,200,0.957988889,0.093410994,0.404802063,0.504546971,0.996329356,0.225450439,15,47,0.003906250
Unshielded-Q,5102,300,0.936877778,0.500000000,0.465981186,0.565688840,0.754161304,0.152468004,19,56,0.005468750
Unshielded-Q,5102,400,0.915766667,0.500000000,0.405782563,0.503856596,0.718843797,0.190016877,28,92,0.007812500
Unshielded-Q,5102,500,0.894655556,0.189464571,0.371352278,0.472148951,0.782726392,0.183104368,29,97,0.007812500
Unshielded-Q,5102,600,0.873544444,0.500000000,0.418580678,0.516274800,0.740882768,0.144775798,33,103,0.008593750
Unshielded-Q,5102,700,0.852433333,0.066332643,0.448613505,0.543117106,0.671944169,0.108528368,33,104,0.005468750
Unshielded-Q,5102,800,0.831322222,0.062720163,0.462136224,0.558765743,0.548810260,0.069627252,33,104,0.003906250
Unshielded-Q,5102,900,0.810211111,0.068594366,0.513527433,0.608132050,0.485232026,0.054532915,33,104,0.003125000
Unshielded-Q,5102,1000,0.789100000,0.109336207,0.473390862,0.571061612,0.558007421,0.067243096,34,105,0.004687500
Unshielded-Q,5102,1100,0.767988889,0.072681477,0.407122771,0.507464749,0.630950885,0.081071003,36,108,0.003906250
Unshielded-Q,5102,1200,0.746877778,0.072134995,0.410435849,0.510730387,0.600713345,0.070784790,36,110,0.002343750
Unshielded-Q,5102,1300,0.725766667,0.069558250,0.508842457,0.600366776,0.602044864,0.068327457,36,111,0.002343750
Unshielded-Q,5102,1400,0.704655556,0.047413768,0.552327456,0.641169668,0.551152057,0.049630908,36,111,0.003906250
Unshielded-Q,5102,1500,0.683544444,0.189464571,0.484648620,0.576263350,0.526476493,0.039852747,36,111,0.000000000
Unshielded-Q,5102,1600,0.662433333,0.079523347,0.545736325,0.644590614,0.548263940,0.046481064,36,112,0.003906250
Unshielded-Q,5102,1700,0.641322222,0.063865211,0.507263301,0.601501752,0.515339746,0.049741429,36,113,0.002343750
Unshielded-Q,5102,1800,0.620211111,0.138414549,0.474470428,0.567662072,0.520967987,0.040956830,36,113,0.001562500
Unshielded-Q,5102,1900,0.599100000,0.042006864,0.533908363,0.624238407,0.538808282,0.043742951,36,114,0.001562500
Unshielded-Q,5102,2000,0.577988889,0.037788468,0.520829938,0.605616349,0.512978898,0.033448182,36,114,0.000000000
Unshielded-Q,5102,2100,0.556877778,0.100541486,0.538005064,0.625605074,0.518134941,0.036180471,36,114,0.001562500
Unshielded-Q,5102,2200,0.535766667,0.036765370,0.498419708,0.589945637,0.564922124,0.044305228,36,115,0.000000000
Unshielded-Q,5102,2300,0.514655556,0.034387483,0.424204344,0.515675933,0.566815659,0.044678272,36,116,0.001562500
Unshielded-Q,5102,2400,0.493544444,0.031576533,0.539077439,0.631162204,0.525803612,0.032190817,36,116,0.001562500
Unshielded-Q,5102,2500,0.472433333,0.018941166,0.544218342,0.622146508,0.563136008,0.046816282,37,117,0.002343750
Unshielded-Q,5102,2600,0.451322222,0.041257450,0.439936486,0.531749271,0.544158951,0.038340830,38,118,0.001562500
Unshielded-Q,5102,2700,0.430211111,0.057423344,0.421134566,0.509930120,0.527757591,0.030353512,38,118,0.000000000
Unshielded-Q,5102,2800,0.409100000,0.033036315,0.454458328,0.547473058,0.512077795,0.027734922,38,118,0.000781250
Unshielded-Q,5102,2900,0.387988889,0.027020595,0.494996137,0.588910895,0.523631171,0.029629419,38,118,0.000781250
Unshielded-Q,5102,3000,0.366877778,0.043621135,0.476797251,0.573957634,0.545586614,0.027860070,38,118,0.000000000
Unshielded-Q,5102,3100,0.345766667,0.028233322,0.522544761,0.606541290,0.500926173,0.033759183,38,119,0.000781250
Unshielded-Q,5102,3200,0.324655556,0.026748180,0.468112805,0.553821086,0.447667185,0.020633134,38,119,0.000781250
Unshielded-Q,5102,3300,0.303544444,0.026224653,0.463485439,0.549675827,0.448041044,0.020057515,38,119,0.002343750
Unshielded-Q,5102,3400,0.282433333,0.030330543,0.433901183,0.523972348,0.450358105,0.020532695,38,119,0.000000000
Unshielded-Q,5102,3500,0.261322222,0.066332643,0.474016505,0.571278320,0.457027054,0.036713334,38,120,0.000000000
Unshielded-Q,5102,3600,0.240211111,0.026942009,0.474970185,0.572080198,0.435075120,0.015978814,38,120,0.002343750
Unshielded-Q,5102,3700,0.219100000,0.041879442,0.590843415,0.670105168,0.477297931,0.043142964,38,122,0.001562500
Unshielded-Q,5102,3800,0.197988889,0.011458765,0.602280762,0.680241014,0.394538364,0.014102195,38,122,0.000000000
Unshielded-Q,5102,3900,0.176877778,0.010932333,0.526544313,0.608961976,0.457867164,0.035870210,38,123,0.000781250
Unshielded-Q,5102,4000,0.155766667,0.019547289,0.541137665,0.626968363,0.438573023,0.018022869,38,123,0.002343750
Unshielded-Q,5102,4100,0.134655556,0.037407722,0.511726704,0.603716029,0.422689283,0.014038595,38,123,0.000781250
Unshielded-Q,5102,4200,0.113544444,0.032126955,0.532146248,0.621820677,0.464125014,0.025682580,38,124,0.000781250
Unshielded-Q,5102,4300,0.092433333,0.009372884,0.560391544,0.631624629,0.449303200,0.017793391,38,124,0.000000000
Unshielded-Q,5102,4400,0.071322222,0.009038074,0.546100246,0.623182369,0.363323513,0.009341412,38,124,0.000781250
Unshielded-Q,5102,4500,0.050211111,0.008687118,0.555192728,0.629013113,0.460434033,0.023734178,38,125,0.001562500
Unshielded-Q,5102,4600,0.050000000,0.024109387,0.602076967,0.682803734,0.411291161,0.009839841,38,125,0.000000000
Unshielded-Q,5102,4700,0.050000000,0.041879442,0.519281535,0.616840458,0.409197498,0.015543411,38,125,0.000000000
Unshielded-Q,5102,4800,0.050000000,0.014171237,0.404326199,0.501954808,0.360852171,0.008639483,38,125,0.000000000
Unshielded-Q,5102,4900,0.050000000,0.007610609,0.565685209,0.638685504,0.383326173,0.009502023,38,125,0.000000000
Unshielded-Q,5102,5000,0.050000000,0.035320476,0.517319085,0.591726355,0.352127374,0.008515187,38,125,0.000781250
Unshielded-Q,5102,5100,0.050000000,0.019318022,0.505229707,0.577494947,0.383730231,0.007417218,38,125,0.000000000
Unshielded-Q,5102,5200,0.050000000,0.029909029,0.475937991,0.555508499,0.375945016,0.007017147,38,125,0.000000000
Unshielded-Q,5102,5300,0.050000000,0.028640111,0.566184559,0.663633615,0.343938972,0.006710898,38,125,0.000000000
Unshielded-Q,5102,5400,0.050000000,0.028640111,0.453753677,0.550115528,0.355614032,0.007634581,38,125,0.000781250
Unshielded-Q,5102,5500,0.050000000,0.011817555,0.575118249,0.650674454,0.353632358,0.006928427,38,125,0.000000000
Unshielded-Q,5102,5600,0.050000000,0.006385474,0.578436880,0.649792600,0.387183905,0.006550142,38,125,0.000000000
Unshielded-Q,5102,5700,0.050000000,0.006243298,0.536944541,0.612669356,0.345004702,0.006804393,38,125,0.000000000
Unshielded-Q,5102,5800,0.050000000,0.019905191,0.555043142,0.638318149,0.375752551,0.008253668,38,125,0.000000000
Unshielded-Q,5102,5900,0.050000000,0.022253125,0.605943417,0.700850862,0.364450367,0.006772677,38,125,0.000000000
Unshielded-Q,5102,6000,0.050000000,0.010890164,0.547154393,0.640118410,0.377224279,0.008771626,38,125,0.000000000
Unshielded-Q,5103,100,0.979100000,0.500000000,0.480530081,0.580193992,0.814156483,0.253368605,14,35,0.008593750
Unshielded-Q,5103,200,0.957988889,0.267580521,0.451322710,0.549489168,0.992194132,0.232665362,16,48,0.007031250
Unshielded-Q,5103,300,0.936877778,0.500000000,0.403442086,0.500301474,0.772278801,0.137162420,17,53,0.003125000
Unshielded-Q,5103,400,0.915766667,0.311129489,0.466080636,0.563790802,0.747148546,0.191285878,28,86,0.013281250
Unshielded-Q,5103,500,0.894655556,0.165722701,0.477538985,0.576811201,0.745249043,0.161929545,28,93,0.010937500
Unshielded-Q,5103,600,0.873544444,0.500000000,0.368306271,0.467954705,0.675520912,0.125546870,31,98,0.008593750
Unshielded-Q,5103,700,0.852433333,0.060585645,0.473402188,0.572533077,0.653811836,0.102385332,31,100,0.004687500
Unshielded-Q,5103,800,0.831322222,0.087486935,0.498607826,0.596428492,0.616696315,0.095010857,31,102,0.007812500
Unshielded-Q,5103,900,0.810211111,0.055189186,0.484285052,0.580851719,0.600654594,0.078083274,31,102,0.005468750
Unshielded-Q,5103,1000,0.789100000,0.225160006,0.548336907,0.650336500,0.610280204,0.087594437,32,106,0.006250000
Unshielded-Q,5103,1100,0.767988889,0.080960585,0.448676598,0.550195204,0.631926881,0.082434362,33,108,0.004687500
Unshielded-Q,5103,1200,0.746877778,0.144955933,0.488269179,0.587508885,0.639759770,0.072289253,33,110,0.003125000
Unshielded-Q,5103,1300,0.725766667,0.176537307,0.455794771,0.550673817,0.629239454,0.082885134,33,112,0.007031250
Unshielded-Q,5103,1400,0.704655556,0.065067757,0.512134214,0.604263840,0.591289462,0.060934088,33,113,0.004687500
Unshielded-Q,5103,1500,0.683544444,0.042264840,0.560063091,0.653717244,0.542026823,0.049162307,33,113,0.003906250
Unshielded-Q,5103,1600,0.662433333,0.047591348,0.455410253,0.554324457,0.537717544,0.048416130,33,114,0.000781250
Unshielded-Q,5103,1700,0.641322222,0.112753451,0.456101589,0.556562565,0.575125681,0.057300488,33,115,0.003125000
Unshielded-Q,5103,1800,0.620211111,0.156511550,0.469206981,0.569662032,0.539679766,0.044039352,33,115,0.000781250
Unshielded-Q,5103,1900,0.599100000,0.035240142,0.411791805,0.504609053,0.545155030,0.051754675,34,116,0.003125000
Unshielded-Q,5103,2000,0.577988889,0.034845655,0.480652288,0.575877280,0.509586714,0.033577070,34,116,0.003125000
Unshielded-Q,5103,2100,0.556877778,0.024742058,0.578479598,0.666410487,0.488068187,0.030268618,34,116,0.000781250
Unshielded-Q,5103,2200,0.535766667,0.088404645,0.465790540,0.562088214,0.548825828,0.032243119,34,116,0.001562500
Unshielded-Q,5103,2300,0.514655556,0.132605397,0.571242661,0.668698341,0.532258402,0.029999062,34,116,0.000000000
Unshielded-Q,5103,2400,0.493544444,0.196945129,0.549122268,0.646318864,0.517032947,0.032112134,34,116,0.000781250
Unshielded-Q,5103,2500,0.472433333,0.079523347,0.557668990,0.642357597,0.499420500,0.029796747,34,116,0.000781250
Unshielded-Q,5103,2600,0.451322222,0.043906553,0.556072511,0.643550936,0.516064921,0.028389671,34,116,0.001562500
Unshielded-Q,5103,2700,0.430211111,0.027464014,0.473439564,0.561154410,0.492791898,0.023355571,34,116,0.000000000
Unshielded-Q,5103,2800,0.409100000,0.031339855,0.468687209,0.559669080,0.500973964,0.023666303,34,116,0.000000000
Unshielded-Q,5103,2900,0.387988889,0.057423344,0.480772815,0.571532439,0.472748906,0.024774008,34,116,0.000781250
Unshielded-Q,5103,3000,0.366877778,0.065482204,0.478540393,0.563223907,0.545860477,0.033135730,35,117,0.000781250
Unshielded-Q,5103,3100,0.345766667,0.032638279,0.453688062,0.536968165,0.458664332,0.024239788,35,117,0.000781250
Unshielded-Q,5103,3200,0.324655556,0.014394585,0.495854118,0.579041858,0.488431181,0.032615342,36,118,0.000781250
Unshielded-Q,5103,3300,0.303544444,0.013692716,0.564280325,0.650185330,0.508689003,0.034470632,36,119,0.000000000
Unshielded-Q,5103,3400,0.282433333,0.024315452,0.518809632,0.608247945,0.449551504,0.022098540,36,119,0.000000000
Unshielded-Q,5103,3500,0.261322222,0.037982754,0.554492985,0.639716645,0.439932901,0.016571895,36,119,0.000000000
Unshielded-Q,5103,3600,0.240211111,0.058325314,0.541669483,0.631863007,0.461787728,0.017180998,36,119,0.000781250
Unshielded-Q,5103,3700,0.219100000,0.011817555,0.489095063,0.571121802,0.527058303,0.053816701,36,121,0.000781250
Unshielded-Q,5103,3800,0.197988889,0.011383352,0.535575433,0.618829237,0.455470085,0.018910486,36,121,0.000000000
Unshielded-Q,5103,3900,0.176877778,0.019350336,0.527135668,0.607967499,0.420905809,0.016609613,36,121,0.000781250
Unshielded-Q,5103,4000,0.155766667,0.017313845,0.525273299,0.605475968,0.427076643,0.013335164,36,121,0.000000000
Unshielded-Q,5103,4100,0.134655556,0.028967522,0.506596732,0.584811398,0.429950074,0.016230954,36,121,0.000000000
Unshielded-Q,5103,4200,0.113544444,0.015525149,0.507370679,0.590620220,0.442704426,0.014362178,36,121,0.000781250
Unshielded-Q,5103,4300,0.092433333,0.009585335,0.485009993,0.562453055,0.410824803,0.013727243,36,121,0.000781250
Unshielded-Q,5103,4400,0.071322222,0.009253110,0.567470731,0.645247095,0.415365964,0.011249649,36,121,0.000000000
Unshielded-Q,5103,4500,0.050211111,0.008868057,0.581980186,0.651628549,0.417629227,0.008564856,36,121,0.000000000
Unshielded-Q,5103,4600,0.050000000,0.013423109,0.512878165,0.585877347,0.405892045,0.010030423,36,121,0.000000000
Unshielded-Q,5103,4700,0.050000000,0.051561219,0.524951427,0.599035015,0.403981804,0.008642229,36,121,0.000000000
Unshielded-Q,5103,4800,0.050000000,0.020373445,0.531052817,0.600272717,0.416279478,0.007904260,36,121,0.000000000
Unshielded-Q,5103,4900,0.050000000,0.007796678,0.512284572,0.582401927,0.433053824,0.025702617,37,122,0.000000000
Unshielded-Q,5103,5000,0.050000000,0.007529747,0.537450492,0.608534293,0.408157021,0.007730568,37,122,0.000000000
Unshielded-Q,5103,5100,0.050000000,0.019530672,0.548433503,0.617950858,0.433301836,0.007499364,37,122,0.000000000
Unshielded-Q,5103,5200,0.050000000,0.010779801,0.543439233,0.615089480,0.460199006,0.006774632,37,122,0.000000000
Unshielded-Q,5103,5300,0.050000000,0.017194575,0.577807435,0.646918579,0.424001790,0.006111080,37,122,0.000000000
Unshielded-Q,5103,5400,0.050000000,0.024167787,0.594890170,0.667849588,0.420024414,0.006814028,37,122,0.000000000
Unshielded-Q,5103,5500,0.050000000,0.006621420,0.549713299,0.620965709,0.384063205,0.005747171,37,122,0.000000000
Unshielded-Q,5103,5600,0.050000000,0.006479053,0.509635161,0.583289455,0.360180199,0.006202158,37,122,0.000000000
Unshielded-Q,5103,5700,0.050000000,0.006341258,0.433205132,0.505486770,0.353181796,0.004943086,37,122,0.000000000
Unshielded-Q,5103,5800,0.050000000,0.016575675,0.556994808,0.629851680,0.383019607,0.006110853,37,122,0.000781250
Unshielded-Q,5103,5900,0.050000000,0.015261255,0.570516938,0.645422779,0.398842618,0.019355176,37,123,0.001562500
Unshielded-Q,5103,6000,0.050000000,0.008465298,0.541600645,0.610420545,0.382960078,0.009087369,37,123,0.000000000
Unshielded-Q,5104,100,0.979100000,0.225160006,0.480906651,0.578954035,0.988668829,0.336389173,15,38,0.010156250
Unshielded-Q,5104,200,0.957988889,0.094505676,0.428722557,0.523012488,0.811025269,0.176626286,16,46,0.003906250
Unshielded-Q,5104,300,0.936877778,0.267580521,0.500372288,0.601703244,0.723190182,0.121682607,16,49,0.003906250
Unshielded-Q,5104,400,0.915766667,0.500000000,0.479406791,0.574712206,0.756744157,0.182592542,29,83,0.013281250
Unshielded-Q,5104,500,0.894655556,0.182696677,0.401390620,0.498093396,0.735825743,0.175354475,31,93,0.008593750
Unshielded-Q,5104,600,0.873544444,0.125000000,0.484659087,0.581303892,0.700888072,0.135717483,31,96,0.006250000
Unshielded-Q,5104,700,0.852433333,0.068594366,0.431397642,0.529639512,0.734520306,0.138206135,33,101,0.007812500
Unshielded-Q,5104,800,0.831322222,0.044946140,0.485798482,0.587349944,0.662756895,0.110068711,33,103,0.004687500
Unshielded-Q,5104,900,0.810211111,0.076842326,0.426138283,0.525610845,0.612727608,0.082565956,33,104,0.005468750
Unshielded-Q,5104,1000,0.789100000,0.072134995,0.446353353,0.542293034,0.638850079,0.083838563,33,106,0.007812500
Unshielded-Q,5104,1100,0.767988889,0.189464571,0.445486363,0.544743934,0.585447477,0.061683700,33,106,0.003906250
Unshielded-Q,5104,1200,0.746877778,0.500000000,0.527571448,0.624748026,0.567790398,0.055235118,36,110,0.005468750
Unshielded-Q,5104,1300,0.725766667,0.035482621,0.437953784,0.540214696,0.644138360,0.078719801,36,113,0.003906250
Unshielded-Q,5104,1400,0.704655556,0.148550205,0.495949212,0.596753969,0.562755769,0.049162339,36,113,0.003906250
Unshielded-Q,5104,1500,0.683544444,0.084055278,0.514812828,0.613200772,0.565319872,0.046297024,36,113,0.002343750
Unshielded-Q,5104,1600,0.662433333,0.120534855,0.450148911,0.549125905,0.595645905,0.050195006,36,113,0.002343750
Unshielded-Q,5104,1700,0.641322222,0.098006585,0.461486046,0.558493796,0.574929423,0.040927692,36,113,0.000000000
Unshielded-Q,5104,1800,0.620211111,0.380730788,0.515424737,0.612446367,0.632062320,0.057689403,42,121,0.004687500
Unshielded-Q,5104,1900,0.599100000,0.041503275,0.445901069,0.547948586,0.539529155,0.042052892,42,121,0.001562500
Unshielded-Q,5104,2000,0.577988889,0.039639134,0.504791948,0.606551850,0.545355277,0.045881150,42,121,0.002343750
Unshielded-Q,5104,2100,0.556877778,0.039421535,0.536598061,0.639080947,0.522062854,0.034037550,42,121,0.000781250
Unshielded-Q,5104,2200,0.535766667,0.043202143,0.537028984,0.632499864,0.559761825,0.042560814,43,122,0.002343750
Unshielded-Q,5104,2300,0.514655556,0.040542659,0.389972556,0.484219785,0.531256356,0.036575580,43,122,0.002343750
Unshielded-Q,5104,2400,0.493544444,0.251188643,0.480339029,0.571254479,0.567848141,0.045104576,44,125,0.003125000
Unshielded-Q,5104,2500,0.472433333,0.034614547,0.464424728,0.567042382,0.591526557,0.058858702,44,127,0.003125000
Unshielded-Q,5104,2600,0.451322222,0.061628273,0.423695711,0.527763729,0.546195279,0.041220650,44,128,0.000781250
Unshielded-Q,5104,2700,0.430211111,0.022323944,0.454675250,0.555101204,0.498053402,0.034812276,44,128,0.001562500
Unshielded-Q,5104,2800,0.409100000,0.020971982,0.505157872,0.596984657,0.484297538,0.025139082,44,128,0.002343750
Unshielded-Q,5104,2900,0.387988889,0.104693309,0.515640363,0.600577356,0.475057156,0.022384284,44,128,0.002343750
Unshielded-Q,5104,3000,0.366877778,0.037982754,0.481553195,0.567673450,0.488989939,0.022689794,44,128,0.001562500
Unshielded-Q,5104,3100,0.345766667,0.022588851,0.417531228,0.521118468,0.454287121,0.025573613,45,129,0.001562500
Unshielded-Q,5104,3200,0.324655556,0.053905613,0.510817095,0.614237889,0.418850014,0.021088317,45,129,0.001562500
Unshielded-Q,5104,3300,0.303544444,0.031223277,0.440493673,0.541385268,0.443263523,0.018846839,45,129,0.000781250
Unshielded-Q,5104,3400,0.282433333,0.015167452,0.470006282,0.556762254,0.432548607,0.017016525,45,129,0.000781250
Unshielded-Q,5104,3500,0.261322222,0.057423344,0.559939601,0.647576847,0.432222301,0.017409880,45,129,0.001562500
Unshielded-Q,5104,3600,0.240211111,0.013770565,0.594297533,0.680727170,0.440965029,0.016198262,45,129,0.002343750
Unshielded-Q,5104,3700,0.219100000,0.022044209,0.505791679,0.608590835,0.417047737,0.015278230,45,129,0.001562500
Unshielded-Q,5104,3800,0.197988889,0.020852483,0.489206223,0.593626519,0.458205609,0.015420210,45,129,0.000781250
Unshielded-Q,5104,3900,0.176877778,0.034238296,0.549349905,0.650291719,0.426532917,0.014787568,45,129,0.000000000
Unshielded-Q,5104,4000,0.155766667,0.011994935,0.538459965,0.625593547,0.428407180,0.013722381,45,129,0.000000000
Unshielded-Q,5104,4100,0.134655556,0.027798948,0.555933450,0.642814083,0.444266322,0.013862426,45,129,0.000000000
Unshielded-Q,5104,4200,0.113544444,0.011259281,0.565285539,0.651639490,0.475639850,0.013818826,45,129,0.000781250
Unshielded-Q,5104,4300,0.092433333,0.017054305,0.442583439,0.544422010,0.452523817,0.031092274,46,130,0.000781250
Unshielded-Q,5104,4400,0.071322222,0.061275437,0.515822198,0.621050997,0.417420003,0.011798954,46,130,0.000781250
Unshielded-Q,5104,4500,0.050211111,0.010484730,0.447256941,0.549233490,0.376842636,0.010328691,46,130,0.000781250
Unshielded-Q,5104,4600,0.050000000,0.016838327,0.499322076,0.585349550,0.427225158,0.010641419,46,130,0.000781250
Unshielded-Q,5104,4700,0.050000000,0.016385712,0.431132142,0.517573011,0.382057654,0.008904488,46,130,0.000000000
Unshielded-Q,5104,4800,0.050000000,0.023490896,0.457835246,0.545973570,0.443110025,0.011777042,46,130,0.000000000
Unshielded-Q,5104,4900,0.050000000,0.033587709,0.557775424,0.657453132,0.441020235,0.012440906,46,130,0.000781250
Unshielded-Q,5104,5000,0.050000000,0.049273548,0.647950157,0.746943526,0.410647925,0.009812624,46,130,0.000781250
Unshielded-Q,5104,5100,0.050000000,0.012766461,0.596471763,0.695578699,0.455632480,0.010604298,46,130,0.000000000
Unshielded-Q,5104,5200,0.050000000,0.014911160,0.576052273,0.663863984,0.436826193,0.011339329,46,130,0.000000000
Unshielded-Q,5104,5300,0.050000000,0.029256239,0.576893858,0.661104519,0.421922406,0.009037735,46,130,0.000000000
Unshielded-Q,5104,5400,0.050000000,0.008472450,0.528984138,0.613856536,0.446516419,0.009511956,46,130,0.000000000
Unshielded-Q,5104,5500,0.050000000,0.032969077,0.537479684,0.635508840,0.421992534,0.010770504,46,130,0.000000000
Unshielded-Q,5104,5600,0.050000000,0.038379447,0.534237551,0.634071169,0.466892886,0.010520515,46,130,0.000000000
Unshielded-Q,5104,5700,0.050000000,0.125000000,0.444111876,0.542537470,0.474550186,0.010368531,46,130,0.000000000
Unshielded-Q,5104,5800,0.050000000,0.024051362,0.493254749,0.582610304,0.409315435,0.008368702,46,130,0.000000000
Unshielded-Q,5104,5900,0.050000000,0.023655361,0.488294116,0.575134290,0.379860077,0.007610778,46,130,0.000000000
Unshielded-Q,5104,6000,0.050000000,0.007637629,0.487532261,0.573044354,0.398380273,0.007533011,46,130,0.000000000
Unshielded-Q,5105,100,0.979100000,0.267580521,0.458337347,0.557976712,0.871804590,0.276325437,14,39,0.009375000
Unshielded-Q,5105,200,0.957988889,0.083252191,0.462435293,0.561418497,0.803613516,0.178785441,16,46,0.005468750
Unshielded-Q,5105,300,0.936877778,0.500000000,0.566630877,0.664963364,0.677417748,0.100456850,18,49,0.005468750
Unshielded-Q,5105,400,0.915766667,0.287174589,0.427082853,0.524851473,0.750150045,0.176968276,28,83,0.008593750
Unshielded-Q,5105,500,0.894655556,0.205268911,0.436536043,0.532115479,0.754281347,0.175968765,30,91,0.009375000
Unshielded-Q,5105,600,0.873544444,0.170902273,0.484567647,0.584856045,0.700133698,0.132766772,30,94,0.007812500
Unshielded-Q,5105,700,0.852433333,0.070559118,0.410861415,0.508361044,0.691910540,0.128415121,31,99,0.010937500
Unshielded-Q,5105,800,0.831322222,0.214602110,0.450898349,0.548268368,0.658959518,0.095132807,31,99,0.005468750
Unshielded-Q,5105,900,0.810211111,0.071599335,0.458073485,0.555897913,0.598040993,0.076594253,31,101,0.007031250
Unshielded-Q,5105,1000,0.789100000,0.132605397,0.481886178,0.581681098,0.626929166,0.091430368,31,104,0.007031250
Unshielded-Q,5105,1100,0.767988889,0.053172737,0.502870617,0.601954550,0.592958484,0.070981010,32,105,0.002343750
Unshielded-Q,5105,1200,0.746877778,0.055999494,0.456986503,0.553985396,0.588117098,0.065739697,33,106,0.003906250
Unshielded-Q,5105,1300,0.725766667,0.072681477,0.325313582,0.420313527,0.633597227,0.088277175,33,110,0.003906250
Unshielded-Q,5105,1400,0.704655556,0.061628273,0.421750280,0.517735293,0.580395430,0.061067675,33,110,0.003125000
Unshielded-Q,5105,1500,0.683544444,0.048886072,0.504630196,0.604889008,0.536066695,0.043378086,33,110,0.003125000
Unshielded-Q,5105,1600,0.662433333,0.054409410,0.474624249,0.572752055,0.578041068,0.054031100,33,111,0.005468750
Unshielded-Q,5105,1700,0.641322222,0.065067757,0.484983691,0.583401560,0.516541122,0.036888380,33,111,0.003906250
Unshielded-Q,5105,1800,0.620211111,0.060927938,0.516170007,0.612932547,0.565348544,0.048525037,33,112,0.004687500
Unshielded-Q,5105,1900,0.599100000,0.033036315,0.526411405,0.623073843,0.550510806,0.040038081,33,113,0.002343750
Unshielded-Q,5105,2000,0.577988889,0.267580521,0.525257476,0.616783809,0.588865650,0.045486500,33,113,0.003906250
Unshielded-Q,5105,2100,0.556877778,0.089348483,0.473136515,0.567408370,0.615080229,0.053185225,34,115,0.002343750
Unshielded-Q,5105,2200,0.535766667,0.034923610,0.395265320,0.489801145,0.585914399,0.045525989,34,116,0.000000000
Unshielded-Q,5105,2300,0.514655556,0.035401301,0.499435513,0.591108271,0.578065306,0.053384105,34,117,0.001562500
Unshielded-Q,5105,2400,0.493544444,0.056557637,0.555980372,0.644536281,0.571024764,0.040076359,34,117,0.001562500
Unshielded-Q,5105,2500,0.472433333,0.038279239,0.428074043,0.521561315,0.590345632,0.046956982,34,118,0.001562500
Unshielded-Q,5105,2600,0.451322222,0.031757201,0.561023834,0.652459272,0.569225722,0.033839764,34,118,0.000781250
Unshielded-Q,5105,2700,0.430211111,0.035160292,0.513696470,0.606334486,0.575878526,0.028976073,34,118,0.000000000
Unshielded-Q,5105,2800,0.409100000,0.031696672,0.428815165,0.520350002,0.594937868,0.030840396,34,118,0.000781250
Unshielded-Q,5105,2900,0.387988889,0.019018059,0.485378452,0.573808998,0.523581312,0.027267258,34,118,0.001562500
Unshielded-Q,5105,3000,0.366877778,0.017634564,0.513388841,0.601916356,0.526897222,0.023831627,34,118,0.000781250
Unshielded-Q,5105,3100,0.345766667,0.017350058,0.565835163,0.652308960,0.486126760,0.019956409,34,118,0.000781250
Unshielded-Q,5105,3200,0.324655556,0.037128789,0.454785823,0.540867794,0.476904047,0.028289672,34,119,0.000781250
Unshielded-Q,5105,3300,0.303544444,0.031576533,0.476566185,0.562063235,0.459608549,0.024717465,34,119,0.002343750
Unshielded-Q,5105,3400,0.282433333,0.015192882,0.525506415,0.605942622,0.462950621,0.019375381,34,119,0.000781250
Unshielded-Q,5105,3500,0.261322222,0.040542659,0.512901978,0.595486694,0.481230045,0.020447920,34,119,0.000000000
Unshielded-Q,5105,3600,0.240211111,0.028145001,0.535679284,0.618685904,0.499444472,0.021400433,34,119,0.002343750
Unshielded-Q,5105,3700,0.219100000,0.023738753,0.545676927,0.628076802,0.499269412,0.020536252,34,119,0.000000000
Unshielded-Q,5105,3800,0.197988889,0.021320731,0.539986785,0.614004242,0.475728783,0.017276028,34,119,0.000781250
Unshielded-Q,5105,3900,0.176877778,0.019049050,0.495833498,0.574708784,0.448952761,0.015355224,34,119,0.000781250
Unshielded-Q,5105,4000,0.155766667,0.062720163,0.558772384,0.643663074,0.486621448,0.017512544,34,119,0.000781250
Unshielded-Q,5105,4100,0.134655556,0.023710868,0.502308552,0.586615405,0.458523254,0.015743684,34,119,0.000781250
Unshielded-Q,5105,4200,0.113544444,0.011609524,0.564948432,0.642951553,0.459170276,0.012118416,34,119,0.000000000
Unshielded-Q,5105,4300,0.092433333,0.037037037,0.512016021,0.587429152,0.439980725,0.012190989,34,119,0.000781250
Unshielded-Q,5105,4400,0.071322222,0.023851170,0.584029945,0.657090094,0.408161791,0.010842999,34,119,0.000781250
Unshielded-Q,5105,4500,0.050211111,0.012189030,0.540220498,0.609778382,0.396093037,0.009464260,34,119,0.000000000
Unshielded-Q,5105,4600,0.050000000,0.010302620,0.478015318,0.553182813,0.383494656,0.008160129,34,119,0.000000000
Unshielded-Q,5105,4700,0.050000000,0.026786648,0.575085116,0.653583529,0.379347877,0.007556854,34,119,0.000000000
Unshielded-Q,5105,4800,0.050000000,0.009637956,0.446933993,0.522261348,0.408744733,0.007859314,34,119,0.000000000
Unshielded-Q,5105,4900,0.050000000,0.009990084,0.533968728,0.604141959,0.390129237,0.021635628,35,120,0.000000000
Unshielded-Q,5105,5000,0.050000000,0.079523347,0.522319903,0.593681834,0.386657401,0.006962772,35,120,0.000000000
Unshielded-Q,5105,5100,0.050000000,0.026902943,0.580714297,0.653014210,0.391071846,0.008715224,35,120,0.000000000
Unshielded-Q,5105,5200,0.050000000,0.008819890,0.484253787,0.556939106,0.410590390,0.006074514,35,120,0.000000000
Unshielded-Q,5105,5300,0.050000000,0.008611468,0.512330839,0.588988438,0.390951784,0.005810811,35,120,0.000000000
Unshielded-Q,5105,5400,0.050000000,0.027798948,0.558641303,0.635352614,0.432044356,0.007030372,35,120,0.000000000
Unshielded-Q,5105,5500,0.050000000,0.007879582,0.637492864,0.707888348,0.403032429,0.006725225,35,120,0.000000000
Unshielded-Q,5105,5600,0.050000000,0.007591846,0.549144931,0.618073586,0.404290361,0.005619286,35,120,0.000000000
Unshielded-Q,5105,5700,0.050000000,0.013109542,0.547335225,0.618168310,0.399813894,0.006151299,35,120,0.000000000
Unshielded-Q,5105,5800,0.050000000,0.007717456,0.569126837,0.640216483,0.471890175,0.008635613,35,120,0.000781250
Unshielded-Q,5105,5900,0.050000000,0.014424092,0.527477518,0.606790725,0.408086500,0.008869552,35,120,0.000781250
Unshielded-Q,5105,6000,0.050000000,0.023197142,0.544153995,0.621785094,0.373139457,0.007399369,35,120,0.000000000
FSSQL-R,5101,100,0.979100000,0.341278752,0.490311622,0.591159490,0.999994591,0.329785782,13,37,0.007812500
FSSQL-R,5101,200,0.957988889,0.099252461,0.568796992,0.668912315,0.916204764,0.211526581,15,46,0.005468750
FSSQL-R,5101,300,0.936877778,0.500000000,0.445068799,0.545433727,0.741023280,0.132604912,18,54,0.005468750
FSSQL-R,5101,400,0.915766667,0.287174589,0.452947461,0.550360518,0.698589353,0.174177001,27,87,0.009375000
FSSQL-R,5101,500,0.894655556,0.156511550,0.405414231,0.503934645,0.766352486,0.179089037,29,99,0.003906250
FSSQL-R,5101,600,0.873544444,0.500000000,0.520818758,0.618649395,0.832506388,0.162987484,32,103,0.008593750
FSSQL-R,5101,700,0.852433333,0.049870414,0.475364592,0.572645591,0.784187053,0.128720589,33,105,0.006250000
FSSQL-R,5101,800,0.831322222,0.050279192,0.464568417,0.560897553,0.800085239,0.136473800,34,108,0.001562500
FSSQL-R,5101,900,0.810211111,0.060585645,0.463192258,0.555680929,0.645254331,0.087984869,34,108,0.003906250
FSSQL-R,5101,1000,0.789100000,0.116471186,0.376341532,0.472341822,0.656259791,0.077045748,34,109,0.003125000
FSSQL-R,5101,1100,0.767988889,0.068594366,0.502979388,0.594706983,0.702229154,0.092517077,34,111,0.003906250
FSSQL-R,5101,1200,0.746877778,0.054925962,0.425961331,0.523286072,0.641679259,0.069399873,35,112,0.007031250
FSSQL-R,5101,1300,0.725766667,0.041257450,0.496595968,0.591561300,0.593708982,0.058880394,35,112,0.005468750
FSSQL-R,5101,1400,0.704655556,0.045730119,0.615324032,0.711076534,0.666007548,0.068686561,35,113,0.003906250
FSSQL-R,5101,1500,0.683544444,0.032573176,0.529168557,0.619978745,0.567518469,0.049755950,35,113,0.003125000
FSSQL-R,5101,1600,0.662433333,0.071074152,0.442724683,0.538858492,0.573113623,0.043998707,35,113,0.002343750
FSSQL-R,5101,1700,0.641322222,0.189464571,0.585536697,0.683956383,0.518442240,0.041024241,35,114,0.001562500
FSSQL-R,5101,1800,0.620211111,0.043480270,0.501622004,0.601563906,0.573678290,0.049175211,35,115,0.000781250
FSSQL-R,5101,1900,0.599100000,0.048886072,0.486168124,0.578854278,0.553029443,0.039293997,35,115,0.000781250
FSSQL-R,5101,2000,0.577988889,0.101876142,0.456611143,0.546421264,0.480712261,0.026859139,35,115,0.002343750
FSSQL-R,5101,2100,0.556877778,0.042527085,0.492729170,0.587718919,0.515947988,0.032421096,35,115,0.002343750
FSSQL-R,5101,2200,0.535766667,0.112753451,0.539190093,0.634575100,0.503726058,0.030368852,35,115,0.000000000
FSSQL-R,5101,2300,0.514655556,0.047591348,0.444085357,0.540651323,0.479727577,0.027394821,35,115,0.001562500
FSSQL-R,5101,2400,0.493544444,0.034387483,0.536549733,0.630698468,0.459918700,0.023282076,35,115,0.000781250
FSSQL-R,5101,2500,0.472433333,0.049669323,0.545793925,0.637439127,0.470416783,0.024077917,35,115,0.000000000
FSSQL-R,5101,2600,0.451322222,0.028101116,0.477265920,0.571042900,0.513666306,0.034185676,35,116,0.000000000
FSSQL-R,5101,2700,0.430211111,0.026334533,0.479481745,0.571756112,0.494651738,0.023512045,35,116,0.001562500
FSSQL-R,5101,2800,0.409100000,0.037407722,0.532732457,0.624392521,0.492678877,0.029102606,35,116,0.000000000
FSSQL-R,5101,2900,0.387988889,0.034614547,0.523600734,0.615269936,0.486644140,0.022361659,35,116,0.001562500
FSSQL-R,5101,3000,0.366877778,0.033447565,0.525666613,0.622074499,0.505641961,0.028239294,35,116,0.001562500
FSSQL-R,5101,3100,0.345766667,0.023794784,0.486692863,0.577218295,0.477537966,0.021765253,35,116,0.000000000
FSSQL-R,5101,3200,0.324655556,0.025421031,0.542237247,0.630310775,0.433855756,0.020241102,35,116,0.000781250
FSSQL-R,5101,3300,0.303544444,0.037221149,0.521231429,0.607502159,0.425050597,0.016919169,35,116,0.001562500
FSSQL-R,5101,3400,0.282433333,0.053172737,0.399266969,0.490964285,0.446268979,0.017545128,35,116,0.000781250
FSSQL-R,5101,3500,0.261322222,0.022300271,0.476447135,0.568476224,0.429477550,0.026666078,35,117,0.000781250
FSSQL-R,5101,3600,0.240211111,0.020992076,0.505174640,0.597809869,0.419706899,0.015129950,35,117,0.002343750
FSSQL-R,5101,3700,0.219100000,0.016543606,0.545494082,0.631692409,0.408786847,0.018817151,35,117,0.000781250
FSSQL-R,5101,3800,0.197988889,0.057719852,0.500409180,0.589272172,0.396516599,0.015944217,35,117,0.000781250
FSSQL-R,5101,3900,0.176877778,0.020971982,0.480508404,0.569016736,0.395800744,0.014501966,35,117,0.001562500
FSSQL-R,5101,4000,0.155766667,0.027505292,0.513275309,0.600258842,0.364015687,0.011884289,35,117,0.000000000
FSSQL-R,5101,4100,0.134655556,0.025727589,0.529114838,0.609828529,0.428709150,0.012697192,35,117,0.000781250
FSSQL-R,5101,4200,0.113544444,0.022395368,0.435922070,0.515729238,0.444682577,0.022757076,35,118,0.001562500
FSSQL-R,5101,4300,0.092433333,0.013667026,0.482607612,0.581686720,0.381865560,0.012579468,35,118,0.001562500
FSSQL-R,5101,4400,0.071322222,0.011905364,0.487912933,0.581869120,0.395430880,0.012278684,35,118,0.002343750
FSSQL-R,5101,4500,0.050211111,0.039971619,0.531251441,0.616530260,0.458138235,0.017345709,35,118,0.001562500
FSSQL-R,5101,4600,0.050000000,0.078152194,0.477395884,0.566034806,0.387325311,0.011809223,35,118,0.000000000
FSSQL-R,5101,4700,0.050000000,0.025320992,0.496731161,0.589808869,0.374085086,0.010189825,35,118,0.000000000
FSSQL-R,5101,4800,0.050000000,0.018612433,0.577859692,0.671506289,0.370170167,0.009810256,35,118,0.000781250
FSSQL-R,5101,4900,0.050000000,0.011821904,0.489684743,0.576665907,0.378366117,0.009068858,35,118,0.000781250
FSSQL-R,5101,5000,0.050000000,0.010406524,0.667472967,0.748592663,0.336298407,0.007632178,35,118,0.000000000
FSSQL-R,5101,5100,0.050000000,0.010091431,0.532812147,0.615880293,0.362432315,0.008320689,35,118,0.000000000
FSSQL-R,5101,5200,0.050000000,0.013219692,0.509207708,0.598436162,0.360412815,0.007789826,35,118,0.000000000
FSSQL-R,5101,5300,0.050000000,0.021907805,0.501528711,0.594380120,0.353863143,0.007627174,35,118,0.000000000
FSSQL-R,5101,5400,0.050000000,0.019111437,0.506338811,0.601408146,0.370394474,0.007678215,35,118,0.000781250
FSSQL-R,5101,5500,0.050000000,0.009035948,0.580855527,0.662900021,0.352298335,0.006869540,35,118,0.000781250
FSSQL-R,5101,5600,0.050000000,0.016640311,0.460712132,0.539848435,0.366606785,0.007099228,35,118,0.000000000
FSSQL-R,5101,5700,0.050000000,0.010074350,0.577423370,0.660482098,0.363227281,0.006992942,35,118,0.000000000
FSSQL-R,5101,5800,0.050000000,0.030657269,0.560437566,0.648554052,0.362270882,0.006336249,35,118,0.000000000
FSSQL-R,5101,5900,0.050000000,0.019647789,0.478685838,0.567715542,0.400038530,0.006655519,35,118,0.000781250
FSSQL-R,5101,6000,0.050000000,0.015552212,0.538376526,0.614319228,0.376039133,0.006565318,35,118,0.000781250
FSSQL-R,5102,100,0.979100000,0.214602110,0.454708850,0.552347375,0.966564636,0.289562512,15,36,0.008593750
FSSQL-R,5102,200,0.957988889,0.132605397,0.445270300,0.541616113,0.983296113,0.214470822,15,45,0.004687500
FSSQL-R,5102,300,0.936877778,0.189464571,0.444736030,0.542342182,0.753059375,0.124832478,16,49,0.003125000
FSSQL-R,5102,400,0.915766667,0.251188643,0.456217565,0.554878959,0.723845244,0.171637569,28,82,0.011718750
FSSQL-R,5102,500,0.894655556,0.196945129,0.408987297,0.507455881,0.721030728,0.167803615,30,93,0.009375000
FSSQL-R,5102,600,0.873544444,0.311129489,0.400021577,0.494547780,0.817484597,0.156482213,30,95,0.007031250
FSSQL-R,5102,700,0.852433333,0.046551657,0.419039095,0.515264852,0.718859563,0.132962960,30,99,0.006250000
FSSQL-R,5102,800,0.831322222,0.042928710,0.465562221,0.563000051,0.678081376,0.103678604,30,100,0.007812500
FSSQL-R,5102,900,0.810211111,0.125000000,0.444204871,0.543425615,0.631494147,0.077042316,31,101,0.005468750
FSSQL-R,5102,1000,0.789100000,0.096801559,0.499710967,0.595659639,0.696351377,0.094280293,33,103,0.004687500
FSSQL-R,5102,1100,0.767988889,0.072681477,0.432964988,0.528514493,0.694219253,0.108344053,33,109,0.003906250
FSSQL-R,5102,1200,0.746877778,0.127403977,0.398370158,0.495283252,0.584865149,0.075574539,33,109,0.006250000
FSSQL-R,5102,1300,0.725766667,0.066332643,0.482267567,0.580659498,0.605754399,0.074936741,33,112,0.003906250
FSSQL-R,5102,1400,0.704655556,0.060927938,0.511281014,0.613676705,0.559250053,0.047202881,33,112,0.003125000
FSSQL-R,5102,1500,0.683544444,0.156511550,0.420409791,0.521331271,0.563753164,0.051481966,33,112,0.001562500
FSSQL-R,5102,1600,0.662433333,0.043480270,0.574221376,0.671474192,0.559068813,0.057903616,33,113,0.001562500
FSSQL-R,5102,1700,0.641322222,0.041627660,0.508722395,0.607175286,0.561327241,0.066247608,33,115,0.001562500
FSSQL-R,5102,1800,0.620211111,0.500000000,0.473730977,0.576022300,0.511777862,0.044334206,38,121,0.007031250
FSSQL-R,5102,1900,0.599100000,0.039859966,0.518955190,0.618829298,0.529090266,0.050716958,38,122,0.003125000
FSSQL-R,5102,2000,0.577988889,0.026044207,0.473663309,0.574099052,0.503771238,0.037995250,38,122,0.003125000
FSSQL-R,5102,2100,0.556877778,0.111009778,0.486659117,0.587023704,0.487301526,0.030192174,38,122,0.001562500
FSSQL-R,5102,2200,0.535766667,0.029754946,0.464174905,0.564114775,0.521837494,0.035988872,38,122,0.002343750
FSSQL-R,5102,2300,0.514655556,0.038891186,0.460949776,0.561987100,0.467673344,0.029250039,38,122,0.001562500
FSSQL-R,5102,2400,0.493544444,0.500000000,0.521136482,0.623030801,0.506957032,0.040242152,41,130,0.001562500
FSSQL-R,5102,2500,0.472433333,0.028548365,0.498693360,0.599906077,0.473426157,0.038239559,42,131,0.001562500
FSSQL-R,5102,2600,0.451322222,0.043480270,0.448121805,0.542647180,0.485031841,0.038644512,42,132,0.002343750
FSSQL-R,5102,2700,0.430211111,0.095635250,0.375900731,0.471846204,0.471967519,0.041051399,42,133,0.003125000
FSSQL-R,5102,2800,0.409100000,0.022564422,0.459511220,0.559717980,0.483326458,0.036628527,42,133,0.002343750
FSSQL-R,5102,2900,0.387988889,0.039421535,0.464918798,0.565393368,0.460757200,0.031760387,42,134,0.001562500
FSSQL-R,5102,3000,0.366877778,0.040659497,0.504059016,0.601210181,0.474360351,0.024201624,42,134,0.001562500
FSSQL-R,5102,3100,0.345766667,0.023197142,0.477276145,0.576392736,0.446506410,0.024494979,42,134,0.001562500
FSSQL-R,5102,3200,0.324655556,0.021598093,0.438726718,0.529968312,0.468227947,0.021542395,42,134,0.001562500
FSSQL-R,5102,3300,0.303544444,0.020504605,0.417866678,0.514429169,0.432198301,0.018295449,42,134,0.000781250
FSSQL-R,5102,3400,0.282433333,0.024994962,0.446361318,0.539090859,0.452498467,0.017910207,42,134,0.000781250
FSSQL-R,5102,3500,0.261322222,0.028548365,0.495118426,0.581554622,0.433594109,0.024809764,42,135,0.000781250
FSSQL-R,5102,3600,0.240211111,0.023382933,0.490556642,0.580120570,0.469743401,0.024261950,42,135,0.000000000
FSSQL-R,5102,3700,0.219100000,0.028101116,0.554111241,0.656175084,0.437969448,0.017120030,42,135,0.000000000
FSSQL-R,5102,3800,0.197988889,0.019080175,0.564058036,0.662755169,0.404529445,0.015027620,42,135,0.000781250
FSSQL-R,5102,3900,0.176877778,0.042928710,0.491797099,0.591224537,0.431803755,0.019261046,42,135,0.001562500
FSSQL-R,5102,4000,0.155766667,0.040084109,0.536185690,0.626934279,0.451104180,0.015317955,42,135,0.000000000
FSSQL-R,5102,4100,0.134655556,0.017659895,0.528854543,0.619267728,0.431813630,0.014754314,42,135,0.000781250
FSSQL-R,5102,4200,0.113544444,0.016501105,0.551885536,0.637043672,0.432076719,0.014791384,42,135,0.000000000
FSSQL-R,5102,4300,0.092433333,0.015993307,0.512842893,0.611807829,0.404646369,0.014060913,42,135,0.000000000
FSSQL-R,5102,4400,0.071322222,0.015159001,0.479347294,0.577530929,0.427767447,0.012267065,42,135,0.000781250
FSSQL-R,5102,4500,0.050211111,0.014387233,0.494600831,0.591816137,0.378258815,0.011232946,42,135,0.000000000
FSSQL-R,5102,4600,0.050000000,0.013603359,0.602648088,0.689406927,0.391077618,0.010064317,42,135,0.000781250
FSSQL-R,5102,4700,0.050000000,0.012979426,0.545451921,0.632264819,0.378394197,0.009891511,42,135,0.000000000
FSSQL-R,5102,4800,0.050000000,0.012521806,0.406527266,0.498530897,0.391553477,0.010775201,42,135,0.000781250
FSSQL-R,5102,4900,0.050000000,0.018256762,0.517512981,0.617227556,0.392830644,0.014664271,42,135,0.000781250
FSSQL-R,5102,5000,0.050000000,0.058634461,0.476970768,0.576544493,0.392959562,0.009509220,42,135,0.000000000
FSSQL-R,5102,5100,0.050000000,0.016012822,0.449020248,0.547217271,0.393624050,0.011543114,42,135,0.000781250
FSSQL-R,5102,5200,0.050000000,0.033103920,0.444397823,0.542380885,0.319985180,0.009208328,42,135,0.000000000
FSSQL-R,5102,5300,0.050000000,0.023710868,0.577110700,0.672763797,0.310194864,0.007889961,42,135,0.000000000
FSSQL-R,5102,5400,0.050000000,0.015418140,0.446940417,0.542807395,0.330496854,0.009038030,42,135,0.000000000
FSSQL-R,5102,5500,0.050000000,0.028779216,0.527595836,0.627560848,0.319158579,0.008328137,42,135,0.000000000
FSSQL-R,5102,5600,0.050000000,0.012990604,0.522620365,0.620886387,0.344848788,0.017276461,42,136,0.000000000
FSSQL-R,5102,5700,0.050000000,0.019002614,0.495247308,0.593245799,0.333121581,0.007468891,42,136,0.000000000
FSSQL-R,5102,5800,0.050000000,0.020028425,0.527551292,0.624361003,0.346730301,0.008068391,42,136,0.000000000
FSSQL-R,5102,5900,0.050000000,0.016996754,0.600820454,0.697166264,0.335572957,0.007248162,42,136,0.000000000
FSSQL-R,5102,6000,0.050000000,0.014927347,0.536552066,0.632981867,0.341629234,0.007196063,42,136,0.000000000
FSSQL-R,5103,100,0.979100000,0.500000000,0.492595236,0.589532745,0.877289726,0.285659292,15,38,0.010156250
FSSQL-R,5103,200,0.957988889,0.189464571,0.450086977,0.548749708,0.800657271,0.181946004,17,47,0.007812500
FSSQL-R,5103,300,0.936877778,0.076842326,0.438780430,0.534101262,0.691712866,0.126761684,17,51,0.003125000
FSSQL-R,5103,400,0.915766667,0.380730788,0.479557129,0.577639593,0.706058373,0.171460296,29,88,0.011718750
FSSQL-R,5103,500,0.894655556,0.156511550,0.500478485,0.598722237,0.714052026,0.156314164,29,93,0.008593750
FSSQL-R,5103,600,0.873544444,0.080960585,0.412893661,0.512092906,0.662307259,0.128354412,30,96,0.006250000
FSSQL-R,5103,700,0.852433333,0.070053918,0.485480988,0.581962621,0.607524986,0.095921877,30,97,0.006250000
FSSQL-R,5103,800,0.831322222,0.129935328,0.469096720,0.564660878,0.567307085,0.074575986,30,98,0.003906250
FSSQL-R,5103,900,0.810211111,0.058948015,0.509827261,0.607686422,0.559050254,0.068494070,30,98,0.003125000
FSSQL-R,5103,1000,0.789100000,0.135426976,0.534272364,0.632676352,0.638316543,0.076741538,31,100,0.002343750
FSSQL-R,5103,1100,0.767988889,0.094505676,0.490096567,0.584408890,0.632343960,0.084997561,31,103,0.007031250
FSSQL-R,5103,1200,0.746877778,0.084055278,0.466486055,0.565759731,0.658713795,0.086986646,32,106,0.006250000
FSSQL-R,5103,1300,0.725766667,0.098006585,0.436543149,0.536022337,0.638628773,0.074491903,32,108,0.006250000
FSSQL-R,5103,1400,0.704655556,0.059266081,0.474157063,0.571482505,0.657631343,0.074504423,32,110,0.003906250
FSSQL-R,5103,1500,0.683544444,0.058020477,0.529666973,0.628504649,0.558004301,0.048843666,32,110,0.003906250
FSSQL-R,5103,1600,0.662433333,0.049273548,0.418833446,0.518890383,0.591024601,0.061275439,32,111,0.002343750
FSSQL-R,5103,1700,0.641322222,0.196945129,0.467757197,0.562869655,0.610938163,0.064997874,32,113,0.003906250
FSSQL-R,5103,1800,0.620211111,0.500000000,0.447560827,0.545975701,0.634116535,0.063327867,38,121,0.004687500
FSSQL-R,5103,1900,0.599100000,0.039529935,0.426158943,0.526867010,0.639729435,0.068127302,39,124,0.004687500
FSSQL-R,5103,2000,0.577988889,0.030223682,0.489525566,0.588968749,0.578372672,0.047929776,39,124,0.003906250
FSSQL-R,5103,2100,0.556877778,0.041753045,0.549883285,0.651299412,0.579680384,0.045426754,39,124,0.003125000
FSSQL-R,5103,2200,0.535766667,0.068125609,0.467626968,0.562294715,0.608209097,0.043687290,39,124,0.001562500
FSSQL-R,5103,2300,0.514655556,0.114572124,0.565017945,0.656559420,0.552971181,0.035222351,39,124,0.000781250
FSSQL-R,5103,2400,0.493544444,0.380730788,0.544878883,0.640142653,0.533649582,0.033265635,39,124,0.000781250
FSSQL-R,5103,2500,0.472433333,0.100541486,0.468015525,0.571397334,0.491509731,0.024701872,39,124,0.000000000
FSSQL-R,5103,2600,0.451322222,0.030768279,0.514097296,0.612047509,0.494308278,0.023263469,39,124,0.000781250
FSSQL-R,5103,2700,0.430211111,0.044492641,0.447072385,0.548389112,0.484362747,0.026783807,39,124,0.000781250
FSSQL-R,5103,2800,0.409100000,0.032189703,0.451618114,0.539880280,0.471109799,0.023303731,39,124,0.000781250
FSSQL-R,5103,2900,0.387988889,0.066769045,0.494439090,0.587911998,0.468309839,0.021590541,39,124,0.001562500
FSSQL-R,5103,3000,0.366877778,0.050909447,0.457943897,0.548507209,0.482162211,0.030754464,39,125,0.000000000
FSSQL-R,5103,3100,0.345766667,0.019158587,0.405436875,0.509153805,0.467460352,0.026583648,39,125,0.000781250
FSSQL-R,5103,3200,0.324655556,0.037501948,0.467285938,0.570761290,0.492157157,0.036495632,39,126,0.003906250
FSSQL-R,5103,3300,0.303544444,0.028732648,0.522709523,0.625744562,0.476492876,0.022570892,39,126,0.000781250
FSSQL-R,5103,3400,0.282433333,0.040777237,0.529483640,0.617751302,0.462577318,0.020000401,39,126,0.000781250
FSSQL-R,5103,3500,0.261322222,0.052235729,0.514336404,0.604302988,0.510337183,0.020628941,39,126,0.001562500
FSSQL-R,5103,3600,0.240211111,0.500000000,0.550798382,0.635779256,0.528602610,0.022323890,40,127,0.002343750
FSSQL-R,5103,3700,0.219100000,0.024080328,0.483258440,0.585563451,0.450665515,0.018228547,40,127,0.000781250
FSSQL-R,5103,3800,0.197988889,0.032002432,0.501139700,0.597467933,0.446054440,0.016725018,40,127,0.000000000
FSSQL-R,5103,3900,0.176877778,0.036498952,0.507972094,0.603678074,0.456878580,0.018522729,40,127,0.001562500
FSSQL-R,5103,4000,0.155766667,0.018700574,0.512287691,0.601803216,0.416199998,0.014177638,40,127,0.000000000
FSSQL-R,5103,4100,0.134655556,0.025522131,0.491474764,0.582638077,0.402855871,0.013015693,40,127,0.000781250
FSSQL-R,5103,4200,0.113544444,0.024315452,0.495819523,0.584717537,0.432226130,0.016398024,40,127,0.001562500
FSSQL-R,5103,4300,0.092433333,0.026942009,0.477748845,0.564810169,0.415593578,0.013105997,40,127,0.001562500
FSSQL-R,5103,4400,0.071322222,0.026044207,0.544940387,0.626991324,0.403301811,0.012325142,40,127,0.000000000
FSSQL-R,5103,4500,0.050211111,0.015829944,0.566157239,0.640751045,0.416014973,0.011942636,40,127,0.000000000
FSSQL-R,5103,4600,0.050000000,0.015025464,0.485337123,0.570379471,0.394576237,0.012283471,40,127,0.000000000
FSSQL-R,5103,4700,0.050000000,0.041257450,0.495457930,0.582396752,0.388230126,0.010711134,40,127,0.000781250
FSSQL-R,5103,4800,0.050000000,0.020523526,0.505446875,0.590191552,0.427481151,0.010171414,40,127,0.000000000
FSSQL-R,5103,4900,0.050000000,0.012547239,0.501352718,0.578461905,0.475236086,0.024095920,41,128,0.000000000
FSSQL-R,5103,5000,0.050000000,0.021818111,0.523753292,0.604496517,0.453513075,0.012595461,41,128,0.000000000
FSSQL-R,5103,5100,0.050000000,0.011305383,0.540277290,0.615192966,0.461990681,0.010973798,41,128,0.000000000
FSSQL-R,5103,5200,0.050000000,0.012614017,0.524028119,0.606726622,0.444771582,0.009912761,41,128,0.000000000
FSSQL-R,5103,5300,0.050000000,0.023170921,0.549864572,0.637073149,0.448940402,0.009859281,41,128,0.000000000
FSSQL-R,5103,5400,0.050000000,0.012376956,0.562840643,0.651019993,0.429895979,0.009394412,41,128,0.000000000
FSSQL-R,5103,5500,0.050000000,0.009622843,0.543432683,0.617190287,0.383075170,0.007963281,41,128,0.000000000
FSSQL-R,5103,5600,0.050000000,0.009314788,0.484347320,0.565725219,0.384387420,0.010023467,41,128,0.000000000
FSSQL-R,5103,5700,0.050000000,0.032508418,0.428219310,0.502428394,0.380379765,0.006475149,41,128,0.000000000
FSSQL-R,5103,5800,0.050000000,0.022419312,0.549254800,0.628740753,0.389008116,0.007002207,41,128,0.000000000
FSSQL-R,5103,5900,0.050000000,0.020734783,0.546618808,0.634658012,0.354559656,0.007458457,41,128,0.000000000
FSSQL-R,5103,6000,0.050000000,0.010773002,0.486637099,0.575335462,0.381870828,0.008264324,41,128,0.000000000
FSSQL-R,5104,100,0.979100000,0.500000000,0.454137229,0.553219217,0.963074940,0.321499548,14,40,0.007812500
FSSQL-R,5104,200,0.957988889,0.071599335,0.382988892,0.481320477,0.742676791,0.161601879,15,44,0.007031250
FSSQL-R,5104,300,0.936877778,0.341278752,0.480633383,0.580720947,0.741238548,0.144460328,15,49,0.002343750
FSSQL-R,5104,400,0.915766667,0.267580521,0.441205896,0.540506575,0.671494229,0.164516157,28,83,0.012500000
FSSQL-R,5104,500,0.894655556,0.182696677,0.416762193,0.515290981,0.749619754,0.178613822,30,93,0.004687500
FSSQL-R,5104,600,0.873544444,0.500000000,0.495485589,0.594509667,0.670606341,0.123697945,32,97,0.007812500
FSSQL-R,5104,700,0.852433333,0.057719852,0.451792866,0.550961069,0.652486654,0.112384190,33,99,0.005468750
FSSQL-R,5104,800,0.831322222,0.058948015,0.492267856,0.590778717,0.695829456,0.113426729,34,102,0.003125000
FSSQL-R,5104,900,0.810211111,0.056557637,0.406685927,0.503408792,0.586695513,0.078690946,35,104,0.007031250
FSSQL-R,5104,1000,0.789100000,0.094505676,0.441180546,0.536485546,0.620707391,0.095385214,35,108,0.005468750
FSSQL-R,5104,1100,0.767988889,0.152392396,0.496223161,0.593563180,0.570063652,0.062320099,35,108,0.006250000
FSSQL-R,5104,1200,0.746877778,0.267580521,0.535041345,0.630175572,0.641988356,0.084077233,35,110,0.002343750
FSSQL-R,5104,1300,0.725766667,0.049870414,0.436331636,0.530869630,0.616673432,0.090254883,35,114,0.007031250
FSSQL-R,5104,1400,0.704655556,0.237227149,0.510641726,0.605538072,0.590026632,0.065233561,35,115,0.003906250
FSSQL-R,5104,1500,0.683544444,0.060585645,0.511544073,0.604733891,0.620525415,0.060528362,35,115,0.003125000
FSSQL-R,5104,1600,0.662433333,0.205268911,0.483274023,0.580547762,0.591076588,0.046549398,35,115,0.000781250
FSSQL-R,5104,1700,0.641322222,0.071599335,0.474917525,0.572367543,0.538491318,0.041607996,35,115,0.002343750
FSSQL-R,5104,1800,0.620211111,0.047951892,0.482951521,0.581354521,0.568479815,0.041234234,35,115,0.003125000
FSSQL-R,5104,1900,0.599100000,0.041015469,0.481429410,0.571849985,0.493597824,0.032630599,35,115,0.002343750
FSSQL-R,5104,2000,0.577988889,0.036237621,0.548011019,0.639064452,0.508322372,0.031436525,35,115,0.003125000
FSSQL-R,5104,2100,0.556877778,0.032902203,0.578067961,0.668471304,0.548793263,0.046373020,35,117,0.003125000
FSSQL-R,5104,2200,0.535766667,0.050073690,0.564662734,0.657881076,0.533659436,0.037095929,35,118,0.000781250
FSSQL-R,5104,2300,0.514655556,0.052934293,0.417553523,0.513125411,0.547272770,0.035793437,35,118,0.002343750
FSSQL-R,5104,2400,0.493544444,0.033378076,0.504073566,0.597777993,0.568635995,0.043571972,35,118,0.003125000
FSSQL-R,5104,2500,0.472433333,0.029552760,0.460843171,0.552465213,0.599913049,0.035481771,35,118,0.000781250
FSSQL-R,5104,2600,0.451322222,0.035646767,0.401769052,0.498220258,0.549524543,0.032685655,35,118,0.001562500
FSSQL-R,5104,2700,0.430211111,0.035160292,0.458606547,0.556020917,0.540067593,0.026617275,35,118,0.000781250
FSSQL-R,5104,2800,0.409100000,0.041135985,0.504988623,0.606352629,0.500165008,0.031350929,35,119,0.002343750
FSSQL-R,5104,2900,0.387988889,0.103259114,0.489933848,0.590756589,0.498234123,0.031392822,35,119,0.001562500
FSSQL-R,5104,3000,0.366877778,0.050279192,0.447083230,0.547576431,0.508953705,0.023267887,35,119,0.001562500
FSSQL-R,5104,3100,0.345766667,0.027422900,0.467864282,0.555130894,0.518807391,0.036162880,36,120,0.001562500
FSSQL-R,5104,3200,0.324655556,0.070559118,0.538408143,0.630263670,0.453961132,0.021246387,36,120,0.000781250
FSSQL-R,5104,3300,0.303544444,0.039529935,0.450149590,0.537864339,0.453593527,0.020571706,36,120,0.001562500
FSSQL-R,5104,3400,0.282433333,0.034923610,0.480640995,0.581012959,0.489969119,0.030612318,37,121,0.000781250
FSSQL-R,5104,3500,0.261322222,0.064660232,0.535323796,0.637510759,0.457115790,0.021474108,37,121,0.000000000
FSSQL-R,5104,3600,0.240211111,0.018038440,0.561897799,0.665974546,0.445604139,0.017589932,37,121,0.000781250
FSSQL-R,5104,3700,0.219100000,0.013080961,0.512966252,0.599866418,0.411324591,0.017540793,37,121,0.001562500
FSSQL-R,5104,3800,0.197988889,0.012567686,0.520860219,0.606540780,0.462147820,0.018628161,37,121,0.002343750
FSSQL-R,5104,3900,0.176877778,0.020599681,0.554384071,0.638283603,0.405947156,0.014276848,37,121,0.000000000
FSSQL-R,5104,4000,0.155766667,0.033587709,0.521894293,0.618013306,0.453152922,0.014383552,37,121,0.000000000
FSSQL-R,5104,4100,0.134655556,0.025254880,0.527808713,0.628927729,0.370566193,0.013890875,37,121,0.000000000
FSSQL-R,5104,4200,0.113544444,0.026520425,0.549900124,0.651114711,0.401125469,0.023238574,37,122,0.000781250
FSSQL-R,5104,4300,0.092433333,0.010348118,0.451624628,0.534924159,0.398392540,0.027573317,38,123,0.000000000
FSSQL-R,5104,4400,0.071322222,0.035401301,0.538310514,0.617004949,0.365571330,0.016020948,38,123,0.000781250
FSSQL-R,5104,4500,0.050211111,0.009548215,0.474969108,0.554792388,0.400043015,0.013443305,38,123,0.000781250
FSSQL-R,5104,4600,0.050000000,0.020171785,0.492791739,0.586556722,0.382442299,0.011145885,38,123,0.000000000
FSSQL-R,5104,4700,0.050000000,0.022136412,0.402385258,0.502648467,0.419368673,0.010117404,38,123,0.000781250
FSSQL-R,5104,4800,0.050000000,0.021175267,0.429853160,0.529418149,0.408026540,0.009818457,38,123,0.000000000
FSSQL-R,5104,4900,0.050000000,0.008398150,0.590187397,0.675132417,0.387147826,0.018433292,38,124,0.000000000
FSSQL-R,5104,5000,0.050000000,0.050697028,0.664161569,0.748346354,0.387560139,0.008506398,38,124,0.000000000
FSSQL-R,5104,5100,0.050000000,0.021663476,0.614629975,0.700976394,0.383102749,0.013460462,38,124,0.000781250
FSSQL-R,5104,5200,0.050000000,0.020171785,0.571153857,0.667020682,0.349944293,0.007204858,38,124,0.000781250
FSSQL-R,5104,5300,0.050000000,0.034845655,0.557127990,0.658081800,0.361083199,0.007706583,38,124,0.000000000
FSSQL-R,5104,5400,0.050000000,0.013284600,0.522734932,0.618993800,0.380463790,0.012302982,38,124,0.000781250
FSSQL-R,5104,5500,0.050000000,0.018925887,0.553196504,0.642230475,0.377769763,0.009136225,38,124,0.000000000
FSSQL-R,5104,5600,0.050000000,0.028779216,0.554412569,0.640976499,0.406876348,0.008862665,38,124,0.000000000
FSSQL-R,5104,5700,0.050000000,0.129935328,0.464814119,0.551436435,0.391183745,0.009666981,38,124,0.000000000
FSSQL-R,5104,5800,0.050000000,0.029602963,0.493260462,0.585855848,0.401004876,0.009522362,38,124,0.000000000
FSSQL-R,5104,5900,0.050000000,0.023040990,0.475074463,0.572637760,0.363217726,0.007963630,38,124,0.000000000
FSSQL-R,5104,6000,0.050000000,0.014491077,0.474890961,0.572355206,0.370324952,0.008625846,38,124,0.000000000
FSSQL-R,5105,100,0.979100000,0.380730788,0.465894419,0.565211913,0.945972405,0.302622036,14,36,0.007812500
FSSQL-R,5105,200,0.957988889,0.165722701,0.458282660,0.558011516,0.817306482,0.189710347,15,46,0.006250000
FSSQL-R,5105,300,0.936877778,0.098006585,0.574235519,0.670525240,0.689642634,0.116637215,15,47,0.004687500
FSSQL-R,5105,400,0.915766667,0.311129489,0.414607075,0.510979675,0.831626022,0.194047702,27,81,0.009375000
FSSQL-R,5105,500,0.894655556,0.225160006,0.440019930,0.538620705,0.856561075,0.188587140,29,90,0.003906250
FSSQL-R,5105,600,0.873544444,0.156511550,0.501684659,0.601120809,0.767906776,0.140572558,29,92,0.007812500
FSSQL-R,5105,700,0.852433333,0.054925962,0.418596489,0.514773347,0.794124581,0.126401406,31,96,0.006250000
FSSQL-R,5105,800,0.831322222,0.500000000,0.476238856,0.573871518,0.698214707,0.110047863,31,98,0.003906250
FSSQL-R,5105,900,0.810211111,0.050909447,0.424675486,0.520937029,0.685947849,0.123297187,32,102,0.003125000
FSSQL-R,5105,1000,0.789100000,0.087486935,0.506827603,0.604792872,0.594282764,0.076038065,32,103,0.004687500
FSSQL-R,5105,1100,0.767988889,0.065482204,0.505175589,0.602295169,0.598542856,0.079661330,32,105,0.003125000
FSSQL-R,5105,1200,0.746877778,0.074389535,0.431349556,0.533433561,0.617669185,0.072407697,33,106,0.003906250
FSSQL-R,5105,1300,0.725766667,0.065482204,0.351841517,0.446413979,0.590658843,0.068597343,33,107,0.004687500
FSSQL-R,5105,1400,0.704655556,0.045100065,0.416946523,0.512510196,0.506779647,0.048529669,33,107,0.001562500
FSSQL-R,5105,1500,0.683544444,0.040895890,0.476807777,0.569754150,0.509999920,0.055586081,33,108,0.005468750
FSSQL-R,5105,1600,0.662433333,0.058634461,0.478511645,0.573830107,0.604745875,0.069778253,33,112,0.003906250
FSSQL-R,5105,1700,0.641322222,0.056276720,0.476025760,0.574038884,0.556464339,0.045349523,33,112,0.001562500
FSSQL-R,5105,1800,0.620211111,0.053414066,0.513145066,0.612153100,0.573766247,0.059112030,33,114,0.002343750
FSSQL-R,5105,1900,0.599100000,0.032126955,0.517110156,0.604782372,0.592805503,0.062301739,33,115,0.001562500
FSSQL-R,5105,2000,0.577988889,0.160941640,0.535827797,0.622501057,0.540495322,0.032443776,33,115,0.001562500
FSSQL-R,5105,2100,0.556877778,0.052698680,0.471044056,0.564002145,0.532955890,0.033153970,33,115,0.001562500
FSSQL-R,5105,2200,0.535766667,0.040895890,0.399900780,0.496917528,0.560653235,0.044025226,34,116,0.002343750
FSSQL-R,5105,2300,0.514655556,0.049669323,0.500005807,0.600204833,0.544001729,0.054326116,34,118,0.000000000
FSSQL-R,5105,2400,0.493544444,0.038787384,0.530828639,0.632661989,0.534067270,0.037535587,34,118,0.000781250
FSSQL-R,5105,2500,0.472433333,0.021554795,0.460962720,0.546353108,0.534801128,0.028217962,34,118,0.000000000
FSSQL-R,5105,2600,0.451322222,0.033658370,0.564461408,0.649502512,0.488686698,0.026850450,34,118,0.000781250
FSSQL-R,5105,2700,0.430211111,0.032316186,0.508712910,0.594741184,0.485851189,0.025759971,34,118,0.000000000
FSSQL-R,5105,2800,0.409100000,0.030438417,0.388413286,0.487497149,0.466331982,0.021849727,34,118,0.000000000
FSSQL-R,5105,2900,0.387988889,0.018895427,0.449241606,0.551640289,0.451403663,0.019297404,34,118,0.000000000
FSSQL-R,5105,3000,0.366877778,0.017839969,0.522408551,0.624063102,0.449571498,0.017559148,34,118,0.000781250
FSSQL-R,5105,3100,0.345766667,0.015652530,0.563973256,0.646225940,0.446784131,0.018556182,34,118,0.000000000
FSSQL-R,5105,3200,0.324655556,0.014799145,0.448416805,0.531866978,0.455382216,0.018380647,34,118,0.003125000
FSSQL-R,5105,3300,0.303544444,0.014080291,0.505379402,0.586682038,0.455079325,0.030636305,34,119,0.000000000
FSSQL-R,5105,3400,0.282433333,0.024648965,0.472348626,0.567310195,0.421566751,0.024369180,34,119,0.000781250
FSSQL-R,5105,3500,0.261322222,0.031757201,0.499997461,0.602988878,0.454716485,0.020549017,34,119,0.000781250
FSSQL-R,5105,3600,0.240211111,0.041015469,0.519256971,0.622223905,0.464692375,0.018118801,34,119,0.000000000
FSSQL-R,5105,3700,0.219100000,0.023993708,0.552720218,0.632102028,0.452860352,0.026773371,34,120,0.000000000
FSSQL-R,5105,3800,0.197988889,0.011371565,0.509185179,0.585884048,0.422646146,0.013819524,34,120,0.000000000
FSSQL-R,5105,3900,0.176877778,0.010779801,0.536619131,0.611187687,0.418575291,0.012519010,34,120,0.000000000
FSSQL-R,5105,4000,0.155766667,0.029653394,0.565764082,0.657283172,0.424034032,0.016834265,34,120,0.000000000
FSSQL-R,5105,4100,0.134655556,0.062350494,0.476304429,0.580128001,0.460539459,0.013932603,34,120,0.000781250
FSSQL-R,5105,4200,0.113544444,0.027672076,0.532003848,0.639231188,0.437893739,0.015944448,34,120,0.000781250
FSSQL-R,5105,4300,0.092433333,0.016532954,0.521819288,0.594510064,0.396523202,0.010521276,34,120,0.000000000
FSSQL-R,5105,4400,0.071322222,0.016012822,0.580139688,0.652838837,0.399434081,0.010382914,34,120,0.000781250
FSSQL-R,5105,4500,0.050211111,0.008649072,0.549468485,0.618588767,0.410752891,0.008762014,34,120,0.000781250
FSSQL-R,5105,4600,0.050000000,0.017647217,0.479437139,0.559515836,0.382712343,0.007657774,34,120,0.000000000
FSSQL-R,5105,4700,0.050000000,0.015304406,0.541656617,0.647162781,0.406674651,0.008096526,34,120,0.000000000
FSSQL-R,5105,4800,0.050000000,0.031223277,0.403363580,0.508419732,0.397239138,0.007964426,34,120,0.000000000
FSSQL-R,5105,4900,0.050000000,0.007570553,0.549403417,0.618363464,0.412646229,0.023950147,35,121,0.001562500
FSSQL-R,5105,5000,0.050000000,0.087486935,0.527164033,0.596852925,0.385632176,0.007026221,35,121,0.000000000
FSSQL-R,5105,5100,0.050000000,0.023683071,0.588775102,0.658286247,0.396287979,0.008799487,35,121,0.000781250
FSSQL-R,5105,5200,0.050000000,0.014558898,0.481372328,0.559142618,0.416268512,0.007241884,35,121,0.000000000
FSSQL-R,5105,5300,0.050000000,0.014285350,0.496190264,0.588440263,0.379419561,0.007264887,35,121,0.000000000
FSSQL-R,5105,5400,0.050000000,0.034387483,0.540402163,0.631232073,0.421480196,0.009022836,35,121,0.000000000
FSSQL-R,5105,5500,0.050000000,0.006376230,0.650526995,0.719018050,0.386562564,0.007957950,35,121,0.000000000
FSSQL-R,5105,5600,0.050000000,0.006211793,0.548660805,0.618309168,0.401643926,0.007510794,35,121,0.000781250
FSSQL-R,5105,5700,0.050000000,0.010756054,0.563304697,0.632464743,0.357713757,0.005970855,35,121,0.000000000
FSSQL-R,5105,5800,0.050000000,0.018941166,0.560148162,0.635780818,0.392994502,0.006658648,35,121,0.000000000
FSSQL-R,5105,5900,0.050000000,0.024285727,0.501129387,0.595673913,0.381956604,0.006834906,35,121,0.000000000
FSSQL-R,5105,6000,0.050000000,0.016586401,0.535243332,0.627956816,0.411890322,0.007549179,35,121,0.000781250
